SampleID,Gene_001,Gene_002,Gene_003,Gene_004,Gene_005,Gene_006,Gene_007,Gene_008,Gene_009,Gene_010,Gene_011,Gene_012,Gene_013,Gene_014,Gene_015,Gene_016,Gene_017,Gene_018,Gene_019,Gene_020,Gene_021,Gene_022,Gene_023,Gene_024,Gene_025,Gene_026,Gene_027,Gene_028,Gene_029,Gene_030,Gene_031,Gene_032,Gene_033,Gene_034,Gene_035,Gene_036,Gene_037,Gene_038,Gene_039,Gene_040,Gene_041,Gene_042,Gene_043,Gene_044,Gene_045,Gene_046,Gene_047,Gene_048,Gene_049,Gene_050
SM0001,8.6952,7.3064,8.0972,8.2267,7.6837,7.4347,5.5798,5.9502,7.1523,7.6243,7.2454,7.6396,7.6652,6.125,7.4329,6.7007,7.8006,6.132,8.4911,8.6382,7.6903,6.9002,6.5024,6.2522,6.9197,6.8497,7.2318,6.1651,6.2748,5.9227,6.8619,7.4387,6.6853,8.5895,6.521,7.0983,7.8595,5.9504,7.4691,6.3906,6.5407,6.674,5.474,7.0419,5.4851,7.6211,7.6924,7.731,6.1976,5.583
SM0002,7.7754,9.1338,8.5844,8.1109,9.3776,8.0462,6.3473,6.7722,6.7742,7.8018,7.4018,7.9244,8.5199,7.0375,6.262,5.9612,6.8713,6.2325,7.6138,7.2698,7.5954,7.014,6.1593,6.2709,7.6506,6.8035,6.6016,6.4937,6.5623,6.8765,7.3717,7.3559,7.4815,8.2375,7.2208,6.9525,6.1686,6.5927,7.0231,6.7935,7.0646,6.8847,5.8015,7.2393,7.0791,8.1475,7.7216,6.865,5.6118,6.3404
SM0003,8.1257,8.387,9.9388,8.5886,8.611,9.644,8.921,9.3496,8.3684,8.4232,8.5131,9.1769,9.6097,8.7662,9.1258,8.1672,8.0473,8.4254,9.7635,7.8008,5.8693,7.8525,7.1664,6.5499,7.527,8.2616,7.6642,6.6219,7.1201,6.7334,7.0679,6.7644,8.3118,7.1856,6.6663,7.4689,7.636,6.572,7.5328,7.688,8.0003,6.8463,6.1749,7.187,7.0713,7.2226,7.6574,8.0524,7.6624,6.5931
SM0004,9.3683,8.5622,8.8324,9.1615,9.3859,9.227,8.1814,9.714,9.1129,8.8272,11.1592,11.9318,11.3212,10.4113,10.497,8.677,8.197,9.5042,9.0604,10.0187,7.2881,7.2062,6.7114,8.2942,7.545,8.3325,8.24,8.185,6.3908,7.593,7.7058,8.3901,7.1862,7.8718,7.3431,6.3684,8.1306,6.6402,7.5519,6.5793,7.0358,6.6726,7.2973,7.2739,8.3639,8.615,7.7374,8.9303,6.1132,7.5514
SM0005,7.6439,8.483,9.841,7.983,10.0085,9.1162,6.2193,7.0577,6.5156,7.6598,7.2363,7.3708,8.0439,6.7118,5.8093,7.0465,6.7283,7.403,7.4469,8.2603,6.2294,7.2397,6.1912,7.491,6.7286,8.4036,8.8397,7.4281,7.5891,8.1268,7.2423,7.9056,9.1426,7.7971,6.9647,7.0395,8.1519,7.9059,7.7579,8.956,7.6167,7.2953,6.8524,7.6856,7.6599,7.5231,7.795,8.8564,8.4927,6.2384
SM0006,9.7888,8.4889,9.366,8.8108,8.5434,8.1258,7.9427,7.0099,7.4903,7.6207,7.7819,9.7507,9.5112,7.3271,8.1749,7.2612,7.4885,7.7817,7.5525,7.0556,6.909,8.2725,7.6872,8.7682,7.0187,8.5415,7.3042,6.7635,6.6559,7.8485,7.8885,7.7163,7.3836,7.9791,6.6413,6.4687,6.9303,7.6424,7.84,8.2337,8.3815,7.6762,6.8445,6.9351,7.4233,8.1516,7.5184,8.0756,5.8816,6.1946
SM0007,8.535,8.8989,9.6776,8.8942,9.7313,9.2991,8.5237,8.7638,6.972,8.6004,7.7237,10.3074,9.6899,7.8849,10.5418,9.7425,9.4658,8.1601,8.6989,8.859,6.9384,6.8765,7.734,8.5442,7.5523,6.9366,7.0406,7.5621,6.5828,7.3113,8.34,7.7567,8.3136,7.7626,6.2058,6.0697,6.9491,8.9482,8.1312,6.4121,9.0062,6.7126,7.4563,6.6608,6.3061,8.2151,7.5357,8.8194,6.4435,6.9531
SM0008,9.3981,8.8963,8.0059,8.7993,8.7593,9.8862,10.1837,9.2867,9.7372,9.9568,10.6585,10.6763,12.455,10.82,11.6035,9.7211,9.5549,9.0818,9.649,10.5068,6.9515,7.7605,7.8924,8.4445,7.9062,8.8162,8.6281,7.5385,8.7203,7.0639,8.3041,8.0585,7.0185,7.9992,7.6702,7.4183,8.1399,7.8346,7.5005,9.2162,7.7178,5.8405,6.1865,7.3436,7.9056,6.7406,7.4355,8.9115,7.3337,7.5097
SM0009,6.3608,6.9448,7.7573,7.727,8.1619,6.8147,5.3733,4.6843,5.5209,6.093,5.2605,6.3447,6.5378,6.3496,5.8741,6.2478,6.0069,7.4031,6.6289,6.1384,6.9329,5.7338,5.561,6.0751,5.9707,6.3399,6.4776,5.5139,4.3597,6.1754,5.6568,6.1198,6.5389,7.9522,5.7157,4.8421,5.8926,5.6714,5.7671,6.2911,7.0848,5.4531,6.2075,6.3578,5.4401,6.4188,6.7433,7.3959,3.7655,5.5004
SM0010,5.986,6.6558,8.0747,6.8157,7.1611,7.5759,6.2747,5.5273,7.1364,6.0357,6.204,7.3644,6.4438,6.1287,5.7757,5.6096,6.0212,6.1013,5.9857,6.1583,6.2247,6.312,5.8932,5.8548,5.5888,5.7083,5.4453,5.7544,5.8856,5.5799,6.517,5.7767,6.5981,6.7608,6.7585,5.8265,6.2802,6.385,7.1471,6.1604,7.2026,4.2262,5.7299,5.763,5.052,7.0448,6.431,5.5311,5.9959,7.5437
SM0011,6.0013,5.9328,6.4067,7.1281,7.0827,7.7334,7.0049,5.7477,6.432,7.8734,7.4874,6.5468,7.223,7.1704,6.7668,7.0058,6.5418,6.7637,7.6266,6.1644,4.6146,5.3371,5.0419,5.7173,5.8657,5.9657,5.961,5.1354,5.4132,5.7184,5.592,6.3139,5.8372,4.3981,6.5429,4.2351,6.7691,6.5082,6.6501,5.1025,6.8186,5.0438,5.2596,6.0255,5.4525,5.2837,7.0002,6.2163,5.8056,5.6575
SM0012,5.6731,5.1297,7.6027,7.4877,6.5343,7.2923,6.317,6.7373,6.3934,7.3732,9.1296,7.448,8.6792,6.9826,7.9851,7.2764,6.8335,6.4403,6.0448,5.9857,5.3167,5.7646,5.623,5.7133,7.1841,5.7709,6.4933,4.725,4.5288,5.7782,6.3939,4.726,5.1979,4.2747,4.9299,3.7544,4.8135,4.738,6.375,6.1438,5.8059,4.9914,4.1258,4.9532,6.0768,6.0934,6.779,7.5898,4.5178,4.9369
SM0013,8.1739,7.7009,8.1881,7.3241,7.9681,6.7585,4.4572,5.314,6.7651,6.8305,6.479,6.6267,7.3076,6.3666,5.7981,6.9277,6.6297,7.4792,8.0249,7.7857,6.8439,5.4734,5.4439,7.0239,6.9521,6.1994,6.133,5.3839,6.0888,7.3304,6.5571,6.3804,7.3161,6.8167,6.8466,6.4364,6.183,7.1168,6.5838,7.3857,7.8384,7.6184,6.6079,6.221,6.7046,6.0014,6.2052,6.7016,6.4629,5.7445
SM0014,8.5022,7.7306,7.5415,8.768,8.5006,6.4805,6.623,6.9106,7.5085,6.7266,6.8101,7.6492,7.2374,6.2783,4.8805,5.458,6.286,5.2191,6.7285,6.3337,5.9945,6.4049,6.4975,5.9622,6.0533,5.4363,7.3018,5.0993,5.5925,6.6678,7.3245,8.561,6.0739,6.7536,6.5132,6.6316,5.9371,6.4815,5.9576,6.8188,6.6031,5.4593,6.4074,5.1429,6.1644,6.2602,5.5206,6.6222,6.6661,6.0223
SM0015,7.1521,6.682,8.862,8.209,8.9516,8.3797,6.6459,7.6601,7.9318,6.8153,8.355,8.4785,8.0951,8.4961,8.3374,6.2791,7.5325,7.8581,8.1658,9.0413,6.8557,6.0935,5.7994,6.8661,6.4037,6.6773,6.7555,5.5716,5.6418,5.6552,6.3592,6.745,6.3312,7.2173,4.7717,6.503,5.981,6.5421,6.2949,6.2056,5.7988,6.8865,7.0286,6.5721,6.3586,6.3994,6.7045,7.8264,6.25,5.8246
SM0016,7.0014,7.6271,8.84,8.4381,7.5871,9.9631,8.2727,6.3593,7.7946,7.7521,8.6112,9.6546,9.7568,8.285,9.6281,7.5944,8.1395,7.2436,7.3538,9.5916,5.251,4.9387,6.1788,5.9541,5.8046,6.665,6.095,5.9739,6.8503,5.7314,7.2647,6.951,6.5566,6.6737,5.6112,4.6925,4.5856,6.6559,5.1174,6.5259,6.8295,5.454,4.611,6.7649,6.1776,6.4739,6.7581,6.4412,5.6097,6.1122
SM0017,7.5613,8.7635,9.1394,8.7597,7.8397,7.2339,7.5814,6.1643,8.1836,5.3987,6.2665,8.4133,7.5199,4.8348,7.4203,6.6302,6.11,7.7153,6.2734,7.2668,6.7273,7.4305,7.1002,6.3343,6.0458,8.7869,7.8479,6.0464,6.0527,7.09,6.8374,7.3227,8.3133,7.0862,6.2823,6.0114,6.799,6.8493,7.0058,7.5482,6.3234,6.8172,6.3409,8.3298,8.2862,7.7855,7.6188,7.0223,6.1924,5.1342
SM0018,8.766,8.1355,9.1011,8.8285,8.4583,8.0631,7.375,7.7117,6.7076,6.198,8.0829,8.7551,7.9775,7.2441,8.0192,6.8676,6.4459,6.6125,7.1934,7.0919,6.4665,6.7673,6.7878,7.8357,7.2454,7.9232,6.9673,6.0811,6.3458,6.3667,6.2537,7.0654,8.7482,6.8571,6.4371,6.021,6.612,6.4442,8.0419,6.4591,7.5199,5.8068,6.8902,6.8504,7.0407,5.6499,6.2623,7.0345,7.4977,5.7191
SM0019,7.0057,7.8454,8.6678,8.1704,8.9297,9.707,6.8616,7.745,6.9724,7.3144,8.8762,8.6417,9.4813,6.9423,6.8224,6.4231,8.1934,8.0685,6.891,8.0232,5.7388,6.5595,7.2563,7.2731,6.2245,6.8903,6.9074,6.0908,7.3179,6.9029,6.3864,6.5601,6.528,7.1845,5.2732,5.2081,6.4885,6.7276,7.2402,5.6351,6.4294,6.7901,5.8915,6.5652,7.0486,6.0367,7.5327,8.2269,6.1513,6.1751
SM0020,7.2285,6.7974,7.5283,7.8427,8.7428,8.1288,8.1956,7.5965,7.6233,7.9267,9.2192,9.2053,10.4445,7.3652,7.4315,6.5711,7.3768,8.1463,8.3362,7.1944,4.6892,5.4651,6.0087,6.3696,6.0142,5.8904,6.3874,5.2671,5.4018,6.1738,5.0383,6.4884,6.8542,6.4552,4.1267,5.7336,5.124,5.5482,6.6579,6.3977,5.973,6.5794,6.33,5.6105,6.9822,6.688,5.1323,6.5034,5.4818,5.6227
SM0021,7.6985,8.0562,8.0818,7.6092,7.537,7.0264,5.871,5.483,6.4771,5.3558,5.301,6.5462,6.9495,5.7569,6.4667,6.9501,5.2363,6.917,7.2363,7.6322,5.0462,5.5165,7.9769,5.5437,5.7007,6.9667,7.5891,6.1519,6.6831,5.8232,7.6744,5.9736,6.6433,6.3269,7.2445,6.2279,6.1731,7.0168,6.5909,6.669,7.915,4.3181,6.4291,5.3928,7.2315,5.8919,6.0543,6.7356,5.1364,6.0799
SM0022,7.5478,7.3416,6.5937,8.6045,7.4129,7.0654,5.8179,6.3408,5.3241,6.1952,6.0789,6.4778,7.3105,7.6213,7.1601,6.225,6.9615,6.1099,6.0665,6.8659,6.1605,5.5608,5.8409,6.6052,7.0305,8.5717,5.4645,4.8254,6.443,6.1972,7.2086,6.9723,6.5587,7.5729,6.0645,5.2751,6.0267,4.691,6.5776,5.0531,5.9418,5.3367,6.1554,5.2816,6.0802,5.0228,6.57,7.1679,6.4907,5.7196
SM0023,7.1709,7.3856,7.8183,7.8031,8.5648,8.2936,8.343,8.229,8.3457,9.1564,9.532,9.1783,10.5399,7.5537,9.047,7.8145,9.0609,8.8048,8.4486,8.915,5.5788,6.5776,6.9606,6.5419,5.6375,7.3371,6.7569,6.2567,5.8802,6.2427,6.2418,6.6925,6.9937,7.1301,7.0195,6.8053,7.3583,5.4769,6.0605,8.6189,7.2194,5.6397,5.7824,5.7554,6.4952,5.7379,6.1485,7.2403,6.3114,6.5061
SM0024,8.3218,7.6417,6.671,8.236,9.0729,5.9896,4.7138,5.3441,4.8177,7.1243,4.9873,6.9725,6.7149,6.6944,5.0363,6.1443,5.9973,7.6336,7.3596,7.3809,5.6381,5.9706,5.8365,5.8825,6.3884,6.7574,6.5958,6.6474,6.3951,6.7252,6.7825,5.8343,5.8058,7.1012,6.1557,6.6014,5.6602,6.226,7.2639,6.7524,6.2901,6.5697,6.7643,6.2442,6.5083,6.6937,6.0744,5.8442,5.838,6.6725
SM0025,8.2705,7.3905,8.0065,7.068,8.6651,7.8837,6.308,6.7147,6.2719,7.0227,8.5544,7.1252,8.1711,6.382,7.0021,6.3681,6.5231,5.7982,6.8183,5.8576,5.6018,5.3455,6.4374,7.0615,6.5875,7.8745,6.0175,4.8176,6.2386,6.258,7.0185,7.6204,6.5884,6.692,7.6684,6.418,6.505,7.2623,7.0044,6.9471,6.9785,4.7554,6.9582,7.2972,6.5599,6.879,6.5327,7.6606,6.7357,6.2847
SM0026,7.6536,8.0076,9.5766,7.0436,8.3966,7.4832,7.278,8.1273,7.5235,8.9799,9.9887,8.8836,8.6607,8.1886,7.8509,8.7444,7.9569,7.9833,9.8518,8.8252,6.794,7.2037,6.738,7.991,8.0697,6.347,6.4289,7.5922,6.858,6.7325,6.9017,7.4985,7.8455,7.0248,5.8878,6.1327,7.2012,6.0686,7.3993,6.3949,7.2212,7.6437,5.8053,6.9359,6.6659,8.1765,6.4256,7.7783,6.6753,7.1296
SM0027,9.0338,8.3714,8.9284,9.0151,9.2305,8.4506,9.2358,8.9782,9.6646,8.7377,11.0221,11.6145,12.2608,10.4952,9.7572,8.1369,8.8117,9.7475,9.9026,9.1188,7.2926,7.5563,7.215,7.8127,7.239,8.043,7.737,6.7837,7.1964,7.3304,7.6053,6.1738,6.9246,7.0698,6.5775,7.7809,6.6959,6.4595,6.9972,7.6819,8.1177,6.8568,7.4287,8.7935,6.416,7.4838,7.093,7.4796,7.5393,8.1199
SM0028,7.0313,7.7755,6.89,7.9752,8.1657,8.3368,5.3066,5.3695,6.3068,6.2852,6.6948,7.3787,6.6805,6.9319,6.2703,6.4661,5.8788,5.6243,6.7828,6.2256,6.5257,7.0332,5.9529,6.4815,6.6127,7.0003,6.7003,6.0689,6.3943,6.126,6.8403,6.8638,5.9733,6.4456,6.9649,5.6851,6.0409,6.0262,6.4601,6.0423,6.8452,6.3468,5.8736,6.5804,5.63,7.7273,7.0534,6.7971,5.2108,7.3695
SM0029,7.053,8.6369,7.1264,6.6205,6.835,8.3506,6.5591,7.2293,7.4926,6.3449,7.1358,7.4829,8.0712,7.8873,7.9151,7.1862,7.2306,7.0012,7.3615,7.8349,5.3736,4.8272,6.1844,6.8976,5.2006,7.7858,6.8018,6.0379,6.6169,6.8839,5.7084,5.3822,6.4112,6.9484,5.4824,5.0093,6.4125,5.7547,6.9556,6.7534,7.4258,6.0215,4.917,6.5325,6.6412,5.246,6.7898,5.3452,4.9465,6.5461
SM0030,6.1822,6.5978,7.4375,6.6882,8.1136,8.2045,6.2217,7.2493,7.9051,7.5151,7.6462,9.9998,9.0995,8.8515,8.5662,4.9523,7.3775,6.7541,6.3835,7.0141,4.1726,4.6619,7.3248,5.4157,5.0095,6.4796,7.1922,5.9996,4.8799,5.5562,5.2478,5.7774,3.7536,7.0251,4.7184,4.7686,6.1097,5.764,6.3002,7.0592,6.3789,4.4731,4.843,6.7388,4.9353,5.56,6.4905,6.1137,5.7099,4.2919
SM0031,6.8097,7.1181,8.3556,8.777,8.0486,6.6988,6.9126,6.4403,7.7473,6.8703,5.7068,7.2324,5.8914,4.3404,6.0264,5.9859,7.4145,7.0779,7.1719,6.2212,4.3334,5.8567,5.5047,6.9552,7.9227,5.7662,7.8461,6.7246,5.9921,7.1154,6.955,7.5028,7.0333,7.9346,6.1873,6.1139,6.1859,6.891,6.2572,6.2119,7.1896,6.606,5.6178,5.9589,7.0234,6.6754,6.5116,7.7408,6.0538,6.5424
SM0032,8.7152,7.8795,9.1812,8.008,8.5952,7.5797,6.6884,6.2864,7.3541,5.8018,6.9528,7.8808,7.0298,6.2471,5.3214,6.2379,7.2626,7.1199,6.8937,6.7797,7.6743,6.4916,5.6744,6.9163,7.134,5.674,6.8447,6.4777,7.0012,6.6094,7.0619,6.7633,6.0694,6.7833,6.0576,6.4315,6.9289,6.1837,6.6933,6.6013,8.0926,5.7302,6.2436,5.6995,6.2801,6.5985,7.401,6.914,5.9591,6.2955
SM0033,7.2639,7.8064,8.8558,8.2309,8.9431,6.8401,6.3564,7.7134,7.4116,7.1322,7.3403,8.816,8.4815,7.9157,8.8899,7.2767,7.0508,7.3301,6.985,8.1355,5.6926,6.0313,5.7947,7.0334,7.3814,7.744,6.5856,5.8141,5.505,5.9118,5.9312,6.9463,7.2762,7.6689,6.7554,6.3336,6.2613,6.1531,6.0271,6.9787,6.9878,4.892,5.2817,5.8728,6.7584,6.5176,6.6064,7.1974,6.5282,6.8609
SM0034,9.1031,7.9155,8.7535,8.6832,8.5886,8.7436,7.4539,8.8691,8.5009,8.7154,8.5524,7.8364,10.4923,9.1687,7.6821,7.4771,7.3113,7.5868,9.4432,7.9278,6.0235,5.3905,5.0561,6.1306,7.1281,7.3174,7.0732,5.3261,5.8634,7.5075,6.5054,6.9701,6.1989,6.8013,5.8421,6.1293,6.3796,5.0717,6.2719,7.0558,7.1826,5.8425,5.9618,5.7579,5.3568,5.7093,6.1117,7.1321,5.1471,4.9982
SM0035,9.3768,8.3234,7.0959,8.7389,9.5312,7.6107,6.8639,7.2557,7.8734,7.2085,8.1246,7.3834,6.5938,7.2994,7.615,7.9818,7.5818,6.8942,8.4757,7.7194,6.9876,7.7814,8.1956,8.204,7.8582,7.4557,6.9324,6.9308,7.7289,7.0943,8.1723,7.7235,8.2126,8.1066,7.2487,7.6137,6.965,8.7454,8.407,8.5231,7.7322,6.2186,5.779,7.9079,7.7806,6.1253,7.7182,7.093,6.5279,8.0107
SM0036,9.5998,8.1359,8.6593,7.7482,9.1525,9.6457,7.057,9.002,9.0734,8.2798,8.6674,9.3957,8.8318,9.033,8.5484,7.9852,9.4538,8.7746,8.9142,7.9759,6.3917,7.7378,7.2393,7.5838,7.7242,7.3008,7.5934,7.8425,8.0293,6.6536,7.3792,7.7631,7.4434,7.4813,6.6864,7.9105,5.6252,7.2098,8.0145,7.7311,8.1397,6.7241,7.6026,6.5729,6.7009,7.0916,8.5744,8.357,6.8903,8.3065
SM0037,8.2432,8.2727,9.5222,9.1186,8.803,9.5231,8.8138,8.8142,7.8456,7.8562,10.036,8.8928,11.2016,10.8075,9.4425,8.2492,7.018,9.042,8.6082,8.2469,6.9279,7.5547,6.8056,6.7112,7.4281,8.8135,7.8339,6.2766,6.4356,6.1114,6.9225,6.9464,7.6179,7.1132,5.3843,6.7787,6.8019,7.5556,7.8716,6.5494,8.4258,6.3718,7.4305,6.0396,7.1834,7.6206,7.6839,7.7847,6.8035,7.0285
SM0038,8.4367,8.0642,8.3572,7.8974,8.0321,6.8903,5.4541,7.0203,6.3433,6.778,7.1158,6.7858,7.5167,5.8889,5.6262,6.3193,7.0969,7.7267,7.2232,6.7575,5.629,6.3535,5.9963,5.9985,7.8552,7.7113,6.5834,6.5609,6.3959,6.7386,6.421,6.0039,7.7164,7.8079,5.9617,5.252,7.0088,7.1059,8.0137,5.9566,6.5465,6.5248,5.7469,6.3941,7.2717,7.8933,5.9762,6.4267,6.1172,7.9778
SM0039,7.6469,8.9735,8.0423,7.1613,7.8179,7.1906,6.121,5.7588,6.7422,6.8988,7.1728,7.9047,7.0713,6.2266,7.9582,6.0147,5.523,7.027,6.5708,7.1397,7.2129,6.273,5.6278,6.4216,6.5638,7.6573,6.7226,6.481,5.6391,6.5886,6.1818,6.2716,6.8223,7.6873,5.3025,4.6387,5.5195,6.6339,6.7112,6.6105,6.6426,6.2031,6.011,5.6037,6.561,6.5504,6.6929,5.6367,6.733,6.3362
SM0040,7.8647,7.3259,7.4585,7.5618,6.2298,6.474,6.1866,5.3504,7.133,6.263,7.1849,7.9189,7.1879,7.3192,7.2842,6.6902,7.4044,6.8965,6.8193,7.0782,4.4243,5.4038,4.7894,5.7707,5.0053,5.8764,6.3625,4.3324,5.0841,5.9642,6.186,6.5671,6.3829,6.6534,4.0343,6.1534,3.7722,6.0298,4.7715,6.6868,7.0803,4.8983,5.2104,5.252,5.6888,6.1359,5.2851,5.6448,6.6826,6.1527
SM0041,6.2441,6.564,6.4227,6.4644,6.7404,6.9859,6.9291,4.889,6.4007,6.0441,7.9184,8.1753,9.906,8.3614,6.5424,4.2297,5.9895,5.7971,5.5135,5.7251,3.3504,4.832,3.1394,4.3706,4.9316,5.3812,4.2,3.9619,3.9767,4.9297,4.0756,4.751,5.1516,5.1984,4.2826,4.3181,4.43,4.8996,4.4014,4.7705,4.6815,5.5338,4.3306,4.9862,5.1263,4.0565,4.6184,4.5622,3.5561,4.4309
SM0042,7.2557,8.0184,7.8304,7.7392,6.6177,7.0714,5.5956,5.7654,4.9315,5.658,7.2107,6.5801,6.7572,5.2815,5.8081,5.261,6.4333,6.1654,7.1738,6.1313,4.4726,5.4686,6.0989,5.6207,6.2267,6.1599,6.3265,5.3019,7.1276,5.7618,6.6285,5.5423,5.2438,5.838,5.4665,5.0069,4.2059,6.0857,5.2837,5.179,6.5024,5.363,5.034,5.6708,5.3471,5.8826,6.4356,6.8021,5.6415,6.0759
SM0043,6.2932,8.8269,7.4144,6.7255,7.9909,7.3512,6.1403,5.7072,5.4886,5.7026,7.21,7.5792,6.9822,7.1968,6.1078,7.4842,5.311,5.9668,6.4076,6.7183,4.318,5.7312,4.6223,5.8476,5.7164,7.5355,6.1826,6.0625,5.9506,6.7306,5.7331,5.8647,5.6643,6.6354,4.7787,6.9851,5.701,6.2206,5.8847,6.8646,5.7982,5.0798,6.3221,6.0681,5.6319,5.9136,6.3596,5.9264,5.5202,6.7854
SM0044,6.8536,7.6016,8.5021,8.1671,7.6181,7.7925,6.7369,8.6384,8.115,6.3545,8.2173,8.0042,8.5142,6.9986,8.059,7.2535,7.8947,7.11,7.4695,7.3847,5.8889,5.6797,6.3838,5.7428,6.9697,6.1062,6.4732,4.584,6.0936,6.0317,6.0546,5.9082,7.5452,7.3204,4.959,6.5406,7.0452,6.0997,6.6975,7.01,6.8243,6.9833,5.3608,6.1714,5.7557,6.1702,5.7932,7.0622,5.7667,5.8675
SM0045,7.6547,8.2586,7.6083,8.0134,7.3427,9.3254,8.4088,9.1648,8.069,8.4376,10.0111,9.8518,10.109,8.9203,9.4185,6.5775,8.6368,7.894,9.15,8.4013,6.0722,7.2436,6.5283,5.9905,7.5002,6.4634,8.173,5.7939,7.9994,5.4389,6.7429,6.4946,7.1939,8.2977,6.6067,5.6828,6.9903,5.8573,6.8624,5.832,6.7076,7.3835,7.0028,6.5363,6.6668,5.5813,7.28,7.3651,6.7601,6.5832
SM0046,8.0175,7.0726,7.3209,6.8142,9.1009,8.2682,5.7761,6.3774,6.2457,7.4473,7.1328,7.6966,7.0799,5.8211,5.6208,6.5308,5.9882,6.8528,7.7182,7.1935,6.1198,6.3584,6.1071,6.3291,5.8678,8.1741,7.3688,5.5815,5.6965,6.2871,6.7629,5.7274,6.3759,6.149,6.5836,6.0478,7.2359,6.6872,7.1626,7.4773,7.4962,5.7675,5.6581,6.4683,6.1906,7.7888,5.9697,7.0343,5.6164,6.254
SM0047,6.9706,7.8869,6.571,7.4373,8.8835,7.1159,6.9835,6.7398,6.1933,5.1417,6.6761,6.9429,7.4106,7.2347,6.4866,5.1938,5.888,7.0765,7.0276,7.9901,5.2225,5.677,7.2532,6.3892,6.9153,6.8565,6.7811,4.4371,5.5506,7.3637,5.0957,5.4985,6.5586,6.8768,6.6973,5.7709,5.6557,6.9348,6.9194,6.29,7.4843,5.9903,4.697,5.4318,5.9204,6.8747,5.3004,6.852,5.6223,6.0019
SM0048,7.0699,7.5886,7.345,8.4904,8.8449,7.7741,6.198,6.9432,7.5563,6.9954,8.3593,6.7666,9.0123,7.6894,7.4746,7.4598,6.5331,7.3984,6.7318,7.3336,6.378,6.648,5.7844,6.6296,7.2632,7.3988,6.5345,5.6657,4.9268,5.4499,6.1644,6.6775,6.3382,6.5612,5.822,5.022,5.401,5.3407,5.7745,6.4139,6.1553,5.0021,5.6872,7.24,5.9776,6.0357,7.1789,7.0026,5.8271,5.5262
SM0049,7.2533,6.8908,8.7368,8.1021,7.192,9.1816,7.4532,7.119,7.3067,8.1559,10.0462,10.0431,9.3736,8.9046,8.6994,7.3717,7.5897,6.3547,7.6902,7.4848,5.5819,7.4326,5.9153,7.37,6.7966,5.3891,5.6326,5.0092,6.4574,5.9361,5.8757,7.113,5.7311,7.3235,5.4202,6.5975,5.5616,5.458,5.5431,6.1286,7.3344,6.0935,5.7993,5.1072,6.0223,6.4064,6.7304,6.5972,3.9226,5.4412
SM0050,6.7013,7.4054,7.9899,5.8115,7.8382,4.9747,4.9442,5.9665,5.449,5.4742,6.1861,6.787,6.4845,4.672,7.167,5.7806,6.1077,5.4722,5.2352,5.9749,6.2186,5.0899,5.0891,6.3126,4.9648,6.484,6.0721,6.4673,6.6567,5.702,4.898,6.815,5.6499,5.2272,6.4375,6.9463,4.1747,6.6113,6.3032,5.0321,5.7648,4.2777,5.5154,5.3191,5.9391,5.1815,5.6685,6.6014,4.9484,5.1088
SM0051,6.3517,8.1276,7.6861,6.892,7.662,6.6396,7.1733,6.6339,6.5403,6.3573,6.8227,7.2355,6.5146,4.5352,6.1252,5.9079,4.8021,4.9384,6.2213,7.7902,5.2375,5.6343,5.115,6.9201,5.338,6.7676,6.6417,6.2677,5.3561,5.8244,5.3538,6.1262,6.3401,5.781,5.4063,5.6157,5.8331,5.8033,6.4661,6.1251,6.4549,5.1237,5.6198,5.3663,6.6873,5.5816,6.4256,6.2204,5.4923,5.6826
SM0052,6.4812,6.3096,7.492,6.7875,7.7939,8.5926,5.596,6.95,7.2804,7.2181,7.7706,8.0952,9.0834,7.2434,7.1827,7.3724,7.4258,6.532,7.2137,6.6361,5.9694,4.4935,7.0045,5.6059,5.271,5.7561,5.7896,4.9801,6.0969,6.0441,5.7837,6.3966,6.7646,5.7921,5.1227,4.3943,5.8412,5.3764,5.805,6.8513,6.1461,4.2975,5.3878,5.4229,5.2017,6.7553,6.7415,6.6433,5.4484,5.5651
SM0053,7.1863,7.6127,8.0081,6.5887,6.8413,7.6619,6.9301,6.9103,7.9879,7.6847,9.4618,9.5264,10.1073,7.7441,9.6186,6.859,6.7296,7.7814,6.6814,7.4526,6.0082,6.603,5.5348,6.1092,6.7104,6.6028,6.4546,6.6211,5.6286,5.5531,5.2726,6.9482,6.8654,6.2661,5.9282,5.809,5.4124,6.1192,6.4617,6.0738,6.974,5.5581,5.5865,5.847,6.1465,6.1878,5.9683,6.0482,6.363,5.2526
SM0054,7.157,6.9999,6.0335,7.676,7.1409,5.366,5.8766,4.6993,5.7686,5.0087,7.8642,6.8162,6.4393,5.4818,4.9096,5.211,6.8862,6.2193,6.5301,5.7069,4.6086,5.575,5.067,4.9348,4.9029,6.5828,5.7645,5.5191,5.3291,5.5315,4.282,5.5112,5.1634,5.3785,4.7959,6.3523,5.4812,5.9762,6.9721,6.3227,5.6141,4.7897,4.3216,5.9518,6.8286,7.3278,5.9529,5.6488,5.0372,4.8378
SM0055,7.8335,7.2708,8.6337,8.1699,8.441,6.2498,5.7556,5.9496,5.3045,6.2353,6.6318,6.2374,7.6143,5.6166,6.5539,5.4146,5.8668,5.1443,6.8145,6.9824,3.6226,6.2385,5.5929,6.9162,6.2334,6.0696,7.3015,5.0048,5.9091,5.0783,5.5795,5.8404,6.1671,6.9484,5.2676,5.4301,4.9875,6.1694,6.3853,7.2891,5.7313,6.2772,4.5284,5.9666,4.9635,6.5279,7.4719,7.6033,5.7613,5.5167
SM0056,8.1548,7.0045,7.51,7.749,8.4809,7.5048,7.043,7.3366,7.348,6.6325,7.1198,7.7994,8.7781,6.9591,9.0144,7.7377,8.2863,7.2098,8.4085,8.0206,5.349,6.5097,6.4786,5.356,6.2348,7.2148,6.9679,5.9165,4.6008,5.9926,7.4119,6.87,7.4926,6.6484,5.2965,5.7456,6.5842,6.3678,6.7051,7.2199,6.3317,6.6617,6.0408,6.0331,7.2397,6.7355,8.1777,6.4407,5.485,5.705
SM0057,6.8143,7.1002,6.1698,7.6626,9.9445,6.8394,5.4507,6.0046,5.72,5.503,4.978,7.467,6.9974,4.6476,5.2369,4.6341,6.1841,6.6976,5.3933,5.9074,6.1073,6.0103,5.5011,5.2468,5.4154,5.8641,7.6695,5.1752,5.3189,5.6316,5.0474,6.1471,6.3777,6.9875,6.156,5.1083,6.1144,5.8242,6.5833,6.6932,5.4455,5.5576,5.3774,7.0228,5.7722,6.7401,5.6645,5.9028,5.9918,5.8133
SM0058,7.8406,6.9769,6.7164,7.8949,6.9527,7.5037,4.2033,5.8739,6.2627,5.9075,6.0052,8.8465,6.8469,6.5447,6.5063,4.5461,6.1347,6.4347,5.8059,6.6886,5.5543,5.198,6.4294,5.4051,4.4993,6.3437,6.7041,4.7373,6.2743,5.1332,6.0115,5.9187,6.0648,5.9272,5.73,5.7166,6.5219,5.9699,6.1384,7.5517,6.8367,5.9146,5.8445,4.7544,6.3392,5.1696,6.571,7.0724,4.1709,5.0747
SM0059,7.4089,7.227,7.6804,8.0039,7.7727,8.0982,6.4714,7.1206,6.7033,6.8764,7.0283,7.2408,7.1474,6.7896,6.9817,5.3508,6.1437,5.906,7.2303,7.6617,5.9795,4.9517,4.2843,4.5699,6.2957,6.1557,4.856,4.4087,6.0186,4.2616,5.8314,7.0141,5.1541,6.3255,4.4075,4.4953,4.9129,5.633,5.6084,5.9767,6.2434,5.9825,4.1249,4.8715,5.5873,5.3631,6.6592,7.3299,5.6127,3.8891
SM0060,7.2009,6.1671,7.1052,5.995,8.0486,7.5486,6.8353,7.6081,7.1003,6.64,8.8705,8.9509,9.0093,7.9927,8.8165,6.5049,6.4714,6.1765,6.9082,6.4118,4.59,5.5734,4.5646,5.3143,5.803,5.5992,6.9262,5.3036,5.219,4.4457,5.3188,5.9975,5.6797,6.5559,4.5173,3.6513,4.4475,6.3649,5.1724,5.1214,5.8587,5.1764,4.7047,4.858,5.8139,5.4751,5.4586,5.5195,4.3838,5.2798
SM0061,7.9138,7.9156,7.6869,8.419,8.4254,7.6182,7.2157,6.1049,6.7096,7.1203,6.1583,7.6515,7.7778,6.0079,6.0932,6.4772,7.4877,7.6597,6.7083,7.5004,6.2242,7.1685,7.2881,7.2946,5.653,7.3098,6.119,7.1637,7.0432,8.0028,7.1045,6.8224,7.4998,6.97,7.5668,7.1554,6.9074,7.1217,7.8569,5.7744,7.2285,5.4528,7.2748,7.9813,6.6736,6.1499,8.5919,6.9484,6.1275,6.5008
SM0062,8.7328,7.9691,7.3442,9.1787,8.6089,8.1669,7.1698,6.6964,6.7134,6.8232,6.026,6.8774,7.2245,6.9558,6.5739,7.0545,6.1505,5.5957,7.6284,7.5884,6.4826,7.043,6.9662,6.4446,7.7361,6.0141,7.5036,5.8091,6.4626,6.7014,6.4538,6.2891,7.2387,7.5527,5.4425,5.3971,6.8091,6.8914,7.5914,7.0121,7.2248,5.7417,6.3537,6.3889,6.6693,8.1614,8.381,7.4442,6.6396,6.7526
SM0063,7.8318,8.2011,7.2283,8.6923,8.3289,8.6582,7.161,7.7464,7.6753,7.5726,8.5021,7.73,8.8649,7.6013,8.2866,8.6796,8.9699,8.618,8.4555,8.4201,5.2468,5.6938,6.397,5.5118,7.3053,7.6705,7.2632,6.6977,5.7203,7.6438,7.1,7.4935,7.4577,7.1669,6.3105,6.1248,5.4248,7.0149,7.8671,7.61,7.4232,6.2735,7.3634,6.2595,7.2893,7.3548,5.9608,6.8546,5.8686,6.404
SM0064,8.1018,8.1694,7.2276,7.9237,8.7702,9.4891,7.5116,8.3492,8.0539,7.9543,10.943,10.1211,10.4341,8.9659,9.9823,7.774,8.0589,7.5674,7.9324,8.7434,6.9786,6.2891,6.18,6.6415,6.7938,7.247,6.8659,5.8782,5.7473,6.8033,7.0014,6.2175,7.456,7.5359,6.2017,6.6956,6.7235,6.5549,6.6613,7.1308,6.231,4.8683,5.4365,6.8961,6.6802,7.8704,6.0153,6.7845,6.0391,6.3141
SM0065,7.5455,7.8842,9.0928,8.6606,7.9842,6.9397,5.4997,6.8227,6.0865,7.5399,6.8953,7.4804,7.4764,6.2224,6.4788,7.5523,6.655,7.3387,7.6592,6.8584,5.5402,7.3503,6.3857,6.7639,7.1422,6.6389,7.7713,6.859,6.5744,7.2488,6.9788,7.0132,6.614,7.211,5.5321,6.0875,6.0268,6.2864,7.1321,7.8957,7.6997,6.2183,6.3519,5.2444,7.7815,7.7198,6.6834,6.6214,6.8747,6.6708
SM0066,7.8435,9.5044,8.584,8.3142,8.4649,7.389,5.5543,6.9055,6.4785,7.6325,7.7643,7.4018,8.2462,6.4381,6.4956,6.9962,6.1071,6.1696,7.2742,7.1776,5.8005,5.9087,4.5918,6.1112,7.2327,7.0576,7.9265,6.5939,6.5199,7.9037,7.0392,7.4641,6.5649,7.2406,6.2621,6.6232,6.3936,7.7518,7.2665,6.959,6.5218,7.3464,6.1934,7.5682,7.4144,7.4196,7.1361,6.0844,6.4467,5.8916
SM0067,7.2695,8.0691,8.9456,8.1149,8.86,9.5674,6.8141,6.7686,7.1499,8.1791,8.9823,8.8182,9.2689,6.9106,7.7118,7.4113,7.8985,8.4374,7.9285,7.9708,6.2912,5.0803,6.9108,6.423,6.5881,7.875,6.3864,7.0282,6.572,5.7857,7.3642,6.4001,6.4508,7.499,7.2543,6.4905,7.007,6.5108,6.1666,6.3571,7.4798,6.03,6.4388,6.9196,6.6041,6.5365,7.3542,7.4044,6.5048,6.3079
SM0068,7.322,7.7077,6.845,8.5387,8.7089,7.9235,7.5936,8.2969,8.0539,8.5331,9.8378,9.8715,10.3424,9.6914,9.3793,8.1964,6.6075,8.6668,7.8829,8.4486,7.1038,6.8537,7.0742,6.0785,6.6822,6.7756,7.8519,6.06,6.7431,6.2907,7.9917,5.7454,7.3759,7.7072,6.8371,6.6602,6.2991,6.0795,5.9015,7.7624,6.4398,6.5769,6.5867,6.1055,6.2403,7.604,7.6348,6.3799,5.0444,5.5998
SM0069,7.8245,6.7252,8.1636,6.7377,7.4823,5.5504,4.8789,4.5614,6.81,4.5655,7.7833,6.2607,6.4572,6.4703,5.0223,6.6525,6.9692,7.2824,6.2129,6.0478,5.0866,5.1875,6.4888,5.3657,6.3587,5.3514,7.1851,4.9386,5.5987,5.3791,6.212,5.7477,5.6322,5.5385,5.9394,5.323,5.765,6.1334,6.2295,5.595,6.4981,4.7561,5.5442,4.8984,5.6631,7.0978,5.4186,6.1761,5.6805,5.961
SM0070,7.5872,6.2576,6.9229,8.1578,7.7411,7.0882,5.8141,6.6936,5.2788,6.591,6.9388,9.0974,7.3585,5.8073,6.0059,4.7869,6.4988,5.5286,5.1828,6.5754,6.7236,4.6146,6.3944,6.5259,6.3742,6.6966,5.5121,6.7743,6.1216,6.4165,4.2298,6.146,7.2294,7.1349,5.776,6.1098,6.0617,6.9319,5.6502,5.6842,6.768,4.9619,6.5269,5.9936,5.3852,5.984,5.2331,7.1955,6.5256,6.4254
SM0071,6.6749,8.7127,7.7056,8.309,9.2649,6.7506,7.298,6.3657,7.5966,6.8935,8.3072,7.4985,9.9752,5.7243,8.9357,7.4724,8.2735,7.9268,7.4814,8.7071,5.8267,6.7942,5.6208,7.376,6.923,8.0808,5.6194,5.8018,6.0956,6.6022,6.9898,6.376,7.1604,7.0721,6.876,5.8215,7.2633,7.8201,6.8534,6.7515,6.3201,5.8096,5.9509,6.534,5.8091,6.7779,8.0816,7.1433,5.4262,6.2832
SM0072,7.5311,7.7999,8.8276,9.9048,9.3654,9.6692,7.3013,7.6682,8.5535,7.9345,10.4609,9.7571,10.3363,9.1553,9.1634,8.059,9.2555,7.6974,6.9206,7.1046,6.4838,7.1874,6.7622,7.197,7.0129,7.4267,6.604,5.2336,6.2227,6.9907,7.4092,7.6747,6.7051,7.1258,6.287,7.7877,5.9375,7.5991,6.8474,6.8295,7.7274,6.4661,6.9585,6.1964,8.4679,7.0863,6.6021,7.7088,6.1891,6.0875
SM0073,4.9087,6.6344,6.7569,6.3163,6.9293,4.9239,4.2489,4.1567,4.6428,4.4878,4.2716,3.7574,5.5852,4.9973,4.5348,4.9786,5.552,5.2385,5.1635,4.7478,3.3488,4.9155,4.7958,4.7363,5.2455,4.9782,4.9382,4.8988,4.0086,4.5285,5.5892,4.4237,3.5709,6.0463,4.3116,4.6565,3.1763,4.5272,4.3649,4.0546,6.0345,3.96,6.0677,4.4123,4.7171,5.513,3.676,5.0923,3.6938,3.9822
SM0074,5.7372,7.773,6.0975,7.0729,6.5673,4.4693,4.0145,5.7155,4.9556,4.4819,5.0555,5.9617,4.3041,3.9431,5.8678,4.0869,3.8227,4.255,5.8828,3.9531,4.1386,4.8196,4.7097,4.1006,5.4313,5.7099,4.4206,4.0327,3.9179,3.9697,4.2737,4.989,5.0607,5.8446,4.0181,3.7017,5.1769,5.0177,4.2937,5.0593,4.4531,4.5795,3.1783,4.5869,4.2136,4.9715,5.5723,3.4782,3.6462,5.0378
SM0075,6.1252,5.2149,7.212,6.1409,6.7161,6.56,6.5237,5.4212,6.5586,6.3031,5.0868,6.8065,6.6255,5.2649,6.8583,4.2776,5.7794,5.6574,6.3057,6.5889,3.7983,4.1453,5.0019,4.4504,5.1553,2.9015,6.631,3.3587,4.9404,5.2999,5.4876,4.4274,5.6614,5.1827,3.2935,5.4593,4.4084,4.8211,5.3824,5.6458,5.8377,3.6431,5.9026,4.8571,3.9093,5.1124,5.5309,4.9987,4.6136,5.2287
SM0076,5.7855,6.6797,6.5825,7.7315,5.7396,8.0922,7.1143,6.4388,6.3551,7.9484,9.5998,8.3051,7.7335,6.8326,7.1316,5.4328,5.5131,6.8283,5.5237,6.9407,4.5637,4.4618,5.2968,4.3434,4.87,3.8793,3.2012,5.9837,3.4111,4.1863,4.9331,5.8545,5.9633,5.5046,4.8228,5.5888,4.9351,3.9174,4.805,4.4048,5.3984,4.9744,4.8625,4.8232,3.4729,5.3952,5.4578,3.683,3.8327,4.0426
SM0077,7.7613,8.6626,9.4517,8.0275,8.969,6.9003,7.0044,6.5142,6.9587,6.3614,6.6311,7.1919,7.7712,6.0148,6.579,7.0573,7.4168,6.734,6.435,8.0139,6.8377,6.4571,6.1406,8.3159,6.4866,7.4179,7.0154,7.0725,7.133,7.6333,6.8311,6.7981,7.7659,8.1626,6.6786,6.6646,6.7382,7.288,6.8996,8.3522,6.7008,7.6155,6.5658,5.784,7.8118,6.9026,7.6503,7.3297,6.4561,6.9367
SM0078,7.7112,7.7272,9.4306,8.634,9.1,8.316,6.6902,6.6419,7.5314,8.481,7.1953,8.1766,6.8343,6.3291,6.9651,7.2353,7.3959,7.6718,7.8487,7.1172,7.2303,7.5634,7.0884,7.2733,6.383,7.7403,7.8114,6.3867,6.5624,6.5863,7.1588,7.6112,7.1658,6.8528,5.9207,6.2648,7.2359,7.3697,7.7222,6.8347,8.4557,5.7262,6.1226,6.8333,6.6707,7.4738,8.1133,8.2953,6.4501,6.7001
SM0079,8.3797,9.8842,8.9436,8.7139,8.9138,7.662,7.2976,6.8889,6.9572,7.8777,7.6783,7.983,7.7064,5.955,6.2483,6.8856,6.5535,7.474,7.5715,7.9097,6.7361,6.3472,7.7119,6.7374,7.3316,7.5889,7.0296,6.494,7.144,6.7108,6.318,7.6639,8.0013,8.2583,7.9763,6.908,7.0789,8.7667,8.0269,6.7157,8.9278,8.3663,6.5373,6.2903,9.4124,7.6758,8.4197,8.3278,5.9836,7.5759
SM0080,8.1066,7.4668,9.5615,8.6441,9.3031,7.5011,7.0282,7.3297,7.8547,7.4868,8.2879,7.2834,8.2835,8.0806,7.9357,6.3285,8.3431,6.7301,7.4563,7.8713,7.4792,6.0395,6.9324,6.38,6.9107,6.6193,7.7847,7.2421,7.0777,7.0909,7.9714,7.0057,8.2973,7.2715,6.5763,6.6437,8.12,8.2359,6.5744,8.4494,8.2886,6.3017,7.977,7.3508,6.955,7.4886,7.4008,7.6987,7.0247,7.4114
SM0081,8.7828,9.2534,8.6216,9.8076,10.6368,7.1366,7.0213,7.5965,8.0462,7.8372,9.6556,8.7675,9.9483,7.4654,9.0744,8.8775,8.4665,9.3367,9.0356,8.7706,7.0868,6.9998,7.0964,6.7042,8.3758,8.3257,7.3846,8.0775,6.7832,8.0271,7.2422,7.6901,7.1298,8.3836,5.8079,7.3025,6.8278,8.1758,6.8765,7.2543,8.9474,6.5585,7.1563,7.853,7.6299,7.7495,7.1594,7.8704,7.6581,8.432
SM0082,8.6746,8.177,8.5509,9.34,10.7097,9.2816,7.7598,9.4536,9.5743,8.4344,11.4928,11.4109,10.9552,10.0673,10.7723,10.6817,9.81,8.2818,8.9095,8.046,6.7009,7.4557,6.8111,8.108,8.1419,7.958,8.6952,7.2085,6.3116,5.9845,7.5354,7.1046,8.1776,9.3145,7.6726,6.8995,5.6608,8.3699,8.0662,8.6518,8.1193,6.5798,8.1457,6.5545,6.1982,6.745,8.0224,7.7895,7.1919,8.6562
SM0083,7.2892,6.7863,7.9669,6.6559,7.0415,6.8929,5.023,5.0944,6.0277,6.4906,5.9748,6.7789,4.4887,6.2642,4.3312,6.0975,6.7478,5.3695,5.3487,6.4604,5.8365,5.1031,5.8752,5.7347,6.4053,6.5141,6.4882,4.8609,5.3189,5.4096,5.6551,6.004,6.4533,5.4234,5.5643,5.5901,5.1764,5.0386,5.8224,7.4699,6.7136,4.1143,5.2159,5.9646,5.428,5.839,6.5142,6.9358,5.5259,4.1591
SM0084,7.3158,6.2906,7.0472,6.6412,8.3295,7.8233,5.7014,7.3337,5.9529,6.1193,7.3036,6.9783,6.7521,5.7005,5.9121,5.3673,5.3754,6.4779,7.102,6.71,4.3886,6.593,5.24,6.2993,6.8543,6.5277,6.3797,6.0335,6.0933,4.5759,4.9727,5.0437,5.774,6.0251,5.326,6.1487,6.0261,6.7102,4.869,5.967,6.2489,4.9262,5.2296,6.0578,5.9778,7.1919,6.1629,5.1931,6.1645,5.0973
SM0085,8.0978,7.2892,6.8666,8.0982,8.0271,7.62,7.0768,6.9719,5.4038,7.9155,8.6204,7.2703,8.3316,6.7881,7.4051,5.9602,7.9446,6.8182,8.2022,6.8985,5.8364,5.653,6.8682,6.1113,7.1925,5.7742,6.8397,5.7192,5.867,4.4125,5.8096,6.0076,6.8911,6.2644,4.8042,6.0126,5.9287,4.7169,6.5743,7.2126,6.3133,4.4153,5.4202,5.3035,6.7826,7.2012,6.3212,6.6457,5.8125,5.4679
SM0086,6.8752,6.5616,7.5549,6.7315,7.2846,8.6214,7.881,8.4132,8.1373,8.968,9.7458,9.8192,8.9865,8.2556,9.2224,7.3499,6.7295,6.8349,6.8156,8.0827,6.2984,6.2067,6.9283,6.0191,6.9929,5.8449,5.493,5.2492,5.3898,5.2882,6.1058,5.6768,6.8705,5.7167,5.9534,5.9563,5.9496,5.8507,5.565,6.1504,6.0797,4.4367,6.6652,5.8369,5.7377,6.2826,7.1602,6.6712,6.8756,7.0933
SM0087,7.8569,6.0821,6.7447,7.9677,7.4928,6.3871,5.3977,6.4753,6.2058,6.854,6.3877,5.7794,6.1724,4.0895,6.0854,5.8642,7.3632,4.7242,7.349,5.1478,4.7982,5.9422,5.3331,6.338,5.6926,6.8518,7.4246,5.3178,5.6089,7.0404,6.1853,5.7201,6.6063,5.4992,5.9258,4.981,4.9836,5.6872,6.8598,6.5594,6.4703,5.7383,5.7026,5.6161,5.9382,6.3798,6.3621,6.0663,5.9219,5.5895
SM0088,7.4646,6.8347,7.7773,6.7958,8.2234,6.817,5.9053,5.6989,4.9473,7.2728,7.3837,7.7166,7.0536,5.6841,5.9396,6.1454,6.5075,6.2273,6.4844,5.8917,5.378,5.4829,6.2577,6.2836,5.8898,6.8102,7.3892,6.34,6.1811,6.9314,5.814,6.4192,5.4675,7.2111,5.4685,6.5177,5.6048,6.5681,6.2899,6.7333,6.648,5.6212,5.6739,6.8243,6.7082,5.6872,7.1665,7.5166,6.3465,5.5601
SM0089,7.701,7.2996,8.0945,7.4655,9.1198,8.0193,6.0538,7.5684,6.8457,6.4752,8.1236,8.7578,8.9705,6.9087,6.967,7.7918,8.4013,6.5749,7.7998,7.0798,6.7143,6.9572,5.2433,7.2194,5.9251,7.3944,5.7586,5.5806,5.4016,5.279,5.372,6.7205,7.2593,8.1111,5.7462,5.684,5.4176,6.7848,6.413,6.6281,5.7498,5.4595,6.431,5.9514,5.7827,6.6339,5.4994,6.8612,4.6425,6.0421
SM0090,7.2957,7.4413,7.926,8.3713,9.78,9.5402,8.7033,9.0219,9.2435,10.1582,10.231,10.6598,11.131,9.3619,9.6476,7.6386,7.0577,7.1157,7.9753,8.07,5.7051,5.9058,6.6167,7.5805,6.717,7.4502,6.1676,5.7725,6.2584,6.4269,7.2155,5.9339,6.0176,7.0633,6.4827,6.1591,6.5976,6.25,6.3693,7.9945,7.8812,6.1268,6.2749,6.0257,6.4169,7.9426,7.1356,7.3533,4.7178,7.289
SM0091,6.257,6.7128,7.2422,7.1544,7.2356,5.3695,4.6329,4.3685,5.0227,3.8447,5.071,5.972,7.4845,5.9172,4.771,5.1044,5.0416,4.658,5.9471,4.4397,4.7174,4.6797,5.8567,4.6656,4.9197,5.8478,6.8061,4.9595,4.9234,5.3076,6.1196,5.3439,5.3524,5.811,4.3836,4.549,4.8392,4.072,4.7423,5.4288,6.2355,4.5137,4.7881,4.1284,6.0058,5.8264,4.4281,4.7311,5.6837,4.3732
SM0092,5.8811,7.6456,5.2516,6.6772,6.3975,5.6235,5.733,5.134,5.1827,4.9869,6.2353,6.5263,6.2165,4.8355,5.2447,5.3962,5.196,5.9327,5.1868,5.7144,3.6882,4.3143,3.9823,3.9324,5.831,4.9352,6.8977,5.5173,3.903,5.7327,5.5897,6.5428,5.1861,4.3716,4.4646,4.4957,4.6316,5.8686,6.7161,5.3736,5.9388,3.445,4.3616,4.353,4.5423,5.6313,5.239,5.3033,3.7793,4.2217
SM0093,6.468,6.3948,7.2191,5.9779,7.2707,7.7972,6.0039,4.9301,5.3915,6.3906,7.0099,7.7476,8.2802,6.4432,6.0353,6.327,6.3865,6.6431,6.0292,6.5849,4.6479,4.9739,5.2338,5.3614,5.0545,5.5104,6.2586,3.5383,5.028,4.4781,4.7293,5.0331,5.7682,5.5979,6.4994,5.0986,5.2308,4.0069,6.0795,6.7661,5.0944,4.7557,4.9475,5.1619,6.213,5.1915,5.5227,5.657,4.581,3.6772
SM0094,6.4894,6.0696,6.6683,6.728,6.8329,7.4748,5.0327,6.4991,6.4977,6.8955,8.8169,8.2714,9.247,6.8366,7.2803,5.6319,5.8771,6.9127,6.7906,6.3227,3.8842,4.5749,4.3871,4.8178,4.9194,3.5221,4.8374,3.8942,3.2924,6.0792,5.0942,4.262,4.3503,5.4052,4.8999,5.7865,4.1702,4.9718,5.5029,4.3183,4.6473,3.2022,4.9448,5.4425,4.5984,6.502,5.8588,5.8702,5.2521,5.9446
SM0095,7.4627,6.4814,8.9738,7.7043,7.265,5.9256,5.0701,6.2102,5.7843,6.1504,6.7425,5.4989,6.5369,5.3731,5.4681,6.7536,5.8494,6.2575,5.8464,6.4402,5.3722,5.6987,6.0511,6.6042,6.4599,6.8401,7.6793,5.1143,5.5098,7.016,5.3479,6.0701,7.7506,6.9022,5.3662,6.8545,7.2708,7.4522,6.4437,5.4588,6.614,5.7059,6.4775,6.3155,5.5824,6.3835,5.7444,6.3704,5.5861,5.5411
SM0096,8.266,6.8749,7.0803,8.1538,8.0755,7.0131,4.9871,5.7745,6.7423,7.2002,6.1886,6.7631,6.319,4.5687,6.8136,5.015,4.9825,5.955,4.5048,6.8217,6.1467,6.1097,4.8971,6.3397,5.4633,6.7127,5.1638,5.7069,6.1517,4.2786,7.1325,6.3598,6.4717,8.3751,5.3762,6.0786,4.6088,6.7154,6.8147,6.2752,5.7065,6.0105,4.602,5.6657,6.5372,5.9551,7.3763,6.1478,5.1854,5.3218
SM0097,7.8984,7.5385,6.594,7.1002,7.7723,7.2864,5.1907,5.8469,7.0707,7.3031,7.6643,7.2509,9.0261,6.1043,7.1389,6.2925,7.417,6.9138,7.4205,7.2719,5.544,5.8331,6.4218,5.1343,5.7483,6.4408,5.8806,4.9225,5.3546,5.9112,4.6881,5.5758,5.8577,6.4905,4.0353,5.2083,5.7958,6.8854,5.6306,6.0573,6.18,4.9395,5.7392,3.6677,5.3258,5.6124,5.8595,6.2796,4.9865,5.0757
SM0098,6.9287,5.9427,7.3427,6.3736,7.1653,7.4056,5.7487,7.3161,7.557,6.6596,8.9405,9.0146,8.7065,8.226,8.7991,6.2324,5.5635,5.8722,6.451,6.4875,4.4476,4.9141,5.4324,6.5903,4.8294,5.2512,6.2286,5.2128,5.3122,4.6392,5.2542,5.4772,5.3841,5.2255,5.0363,4.5729,5.6417,5.9779,5.72,6.4112,4.8419,4.6167,5.0942,4.1859,5.2454,5.2447,6.1398,5.1002,4.4484,5.3814
SM0099,8.5331,7.3009,8.0041,7.8184,8.7877,5.5942,5.807,8.1174,6.3783,6.8649,7.0611,6.6615,7.6046,6.2816,6.9996,5.4274,7.0645,6.7284,6.4291,7.1487,5.3359,6.7083,6.4506,5.9941,6.965,6.8666,6.9429,6.1958,6.2762,6.9955,7.2944,7.3614,7.3125,6.8494,6.0846,6.4372,6.2566,6.9785,6.21,6.7932,6.6105,6.842,6.7508,5.8455,6.7078,7.0419,6.2113,7.6167,6.2625,6.2673
SM0100,7.2724,8.6506,8.2709,7.2849,7.1835,8.3937,8.3423,7.7196,6.685,6.965,6.7989,6.1757,7.7815,6.8338,6.8367,8.04,5.9975,7.4784,6.3106,7.4042,6.7824,6.9005,6.2996,7.5554,6.4327,7.0989,8.0729,7.0986,6.4048,6.6018,6.1922,7.4769,7.6184,7.436,6.2029,6.6439,5.7432,5.7345,6.5131,6.1643,8.839,6.0986,5.7928,7.0382,6.3299,8.2165,6.5157,5.3471,4.9361,6.5437
SM0101,6.6509,7.6621,7.5523,7.7193,7.9622,7.8141,7.1391,6.1969,6.1929,7.4546,7.7736,8.1248,8.1968,8.5024,8.2444,7.9221,7.5813,7.3227,8.559,8.2148,6.2256,6.2479,5.7065,7.1726,6.452,6.0302,7.1403,5.2488,7.3255,5.9565,7.1862,5.4684,6.0983,6.0943,6.4497,6.3341,6.3658,5.5449,7.9177,6.2714,6.4688,6.7015,6.2243,6.4405,6.281,5.9868,7.4098,7.8979,5.967,5.618
SM0102,7.3183,7.6353,7.5973,8.0026,8.1987,8.6613,7.4449,8.477,8.6425,7.8345,10.4362,10.4511,8.9132,9.2923,8.8545,6.6341,7.6717,6.4476,8.2165,7.6539,5.8398,6.7015,7.3426,7.2258,6.1993,6.8371,7.786,6.1685,5.8196,6.9717,5.96,6.5856,5.7401,6.8111,5.8377,5.658,6.5828,5.9346,6.5632,7.9572,5.4718,5.8027,6.5992,5.5983,6.7442,7.419,5.7792,7.1229,6.4758,5.0968
SM0103,7.9318,6.7462,7.4733,8.295,8.1097,7.3856,5.1617,7.1125,6.9716,7.2042,6.8961,6.2806,7.6036,7.0428,6.0779,6.1276,7.3374,5.7495,7.3713,7.6976,6.5078,7.1079,6.5534,5.243,6.1398,5.8091,7.4993,6.9643,6.4509,7.3976,6.212,8.0199,5.8061,7.7004,6.7143,7.3079,7.1124,6.597,7.3959,7.2356,6.8405,5.5457,5.6182,7.0738,5.9804,6.685,7.9413,7.5066,6.7013,6.948
SM0104,7.4058,9.2998,8.1143,9.9453,8.7431,7.4252,6.3967,7.0831,7.1809,7.1016,6.6697,6.5828,8.6588,7.1839,8.2224,6.5973,6.3715,7.2593,7.5934,6.9217,6.6909,5.3423,7.1775,6.4268,6.3425,7.3749,6.2162,6.4859,5.9513,6.3436,6.977,7.4148,5.7005,7.4993,4.8766,5.6729,6.4044,5.3931,6.8999,6.2294,6.8102,4.757,7.3414,7.1605,6.4855,5.8038,6.5114,7.4241,5.1376,6.9952
SM0105,7.7015,8.8162,7.8647,7.2227,7.7541,8.0272,8.8135,6.8448,6.8951,6.4503,7.3773,8.1859,9.2968,7.9268,7.5074,7.5743,6.5562,9.3814,7.5044,7.0031,6.8067,6.4825,5.197,7.1517,6.2044,6.585,6.6993,5.7196,7.4195,6.6444,4.8191,6.4221,6.8716,7.563,6.8075,7.1565,7.0206,6.8831,7.1495,6.8487,7.9089,6.6589,6.4596,6.4517,6.8996,6.5376,6.1353,6.2765,6.0745,5.5843
SM0106,7.2423,8.1866,6.8042,8.0222,7.1684,8.5991,8.2987,7.3465,8.1596,8.2169,10.8121,9.9787,8.9369,8.5788,8.3477,6.491,6.5667,6.1157,7.6529,7.2664,5.4309,5.2273,5.8768,5.2075,5.8517,6.9254,5.907,5.5096,5.4314,5.7717,4.8415,5.4403,6.7413,6.6744,5.8123,6.1611,6.4572,5.743,6.1778,6.2166,7.3605,6.2315,5.8584,6.1202,6.2647,6.4095,5.9263,6.8275,5.7717,5.2817
SM0107,7.1351,7.2076,8.2324,9.868,7.9961,6.2972,5.917,6.4315,6.6198,7.406,7.1877,6.1204,6.4218,6.037,6.0425,6.1911,6.158,6.662,6.4585,7.3248,6.5234,6.0929,5.8216,6.9452,7.1564,6.6911,7.4624,7.3042,7.4346,7.146,6.983,6.8801,7.0846,6.6653,6.2363,6.5626,6.9757,6.75,6.6034,7.8557,6.624,5.3162,5.5061,6.3627,6.4694,6.278,6.2753,6.413,5.083,6.7319
SM0108,7.4142,6.514,7.6792,7.794,7.2927,8.207,6.6641,6.0203,6.6622,6.8235,6.9256,7.0347,7.1819,5.9882,5.6886,6.7093,7.0559,6.4581,6.1235,7.1454,5.4399,6.6719,6.7542,6.2181,6.368,6.8824,8.4571,4.8032,7.2806,6.619,6.4919,6.4507,8.1822,7.0686,6.6601,5.8477,6.1797,6.1635,8.176,7.7136,7.1611,6.2581,7.3572,4.7982,6.8722,6.5095,5.9437,6.323,6.39,5.896
SM0109,7.8227,9.1334,8.637,8.8514,8.932,9.0457,7.3477,7.8565,8.6891,7.6201,8.4127,9.1378,8.7942,8.6008,7.9294,8.3893,7.2855,7.8989,8.5005,8.3259,7.1114,7.4226,6.5648,6.6963,6.612,7.4101,8.6299,6.8542,7.8822,6.183,7.4109,7.0913,7.0459,6.6812,6.3492,6.9859,7.4314,5.9662,6.5342,7.8964,7.2606,7.7297,6.5705,6.6256,6.0528,6.7528,6.4128,7.699,7.0575,6.1711
SM0110,8.3534,8.3767,8.925,9.9409,10.2039,8.6187,9.1663,8.2012,8.7256,8.814,10.8917,10.4749,11.3356,10.421,10.6697,7.7644,8.1606,8.7455,7.6843,9.8441,6.8225,7.9888,7.28,8.5768,8.1268,6.7337,7.5149,7.7747,7.3541,8.0325,7.5616,8.2699,6.6207,6.9231,7.615,7.2988,6.1974,7.2926,7.0403,8.2224,8.2268,6.9522,6.7163,6.9259,8.1606,6.5261,8.8112,7.7772,7.3527,5.845
SM0111,7.057,7.4522,7.3354,8.5155,9.6183,6.9561,6.7702,5.7432,4.8131,6.9434,7.0523,7.0141,7.1802,6.1069,6.8617,6.171,5.8059,7.6694,6.7302,6.8224,7.5698,6.4082,7.2345,6.0363,7.6196,7.5883,7.2377,5.5328,6.0758,6.523,7.2677,7.5075,7.6836,8.3634,5.9588,6.1503,5.8026,7.1474,7.2036,7.4251,6.7843,6.3596,6.2357,7.0675,7.5821,7.5506,6.8528,6.1874,7.1611,7.4891
SM0112,7.8598,7.7604,7.8218,8.1911,8.7839,7.8714,6.412,7.2191,6.6379,5.9619,7.4407,7.6682,7.1317,6.086,7.3882,6.7414,7.3776,5.5761,5.9614,7.0013,5.5858,6.9688,6.6697,6.9771,8.2363,6.006,6.6668,5.8443,7.3298,5.1879,7.1695,6.9864,6.7554,6.6926,6.4309,7.1189,7.7061,6.18,6.3069,5.3297,7.8113,5.3567,6.3046,6.3597,6.0536,7.1339,6.6493,7.4425,5.5932,6.0005
SM0113,8.2822,7.595,8.0517,8.3028,7.6146,8.7474,7.5415,7.3713,7.9594,8.7351,9.2843,9.0153,9.3656,9.4448,9.7797,6.8673,9.0728,7.5965,6.7305,7.6007,6.6139,5.472,6.5694,6.1573,6.5164,6.3461,4.9006,5.1959,6.1505,7.0005,5.6726,4.3531,5.7334,6.25,5.1203,5.8771,5.914,6.6042,6.3782,6.5051,6.9073,5.8235,6.1533,6.0541,6.4869,5.9992,6.4735,8.1737,4.9279,6.183
SM0114,7.633,8.9219,8.2396,9.5262,8.4557,7.0777,7.4598,7.9287,6.9018,7.6523,6.86,6.1162,6.8416,5.6015,7.2578,7.0183,6.3463,7.6485,8.4749,6.1762,6.3159,6.5836,6.7303,6.4625,6.9834,6.7598,7.661,5.6434,6.1244,5.6537,7.0766,6.807,6.8592,7.7001,6.582,5.6058,7.4331,4.7587,7.7688,7.0842,7.6162,5.7396,5.9147,6.0409,5.62,6.8702,6.6736,5.6294,5.9912,6.7644
SM0115,8.0246,8.1017,7.6139,7.5825,8.4506,7.2691,6.1365,6.9783,6.2858,7.3148,7.27,8.0507,7.9914,6.2149,7.0081,5.5547,7.1112,6.4168,6.2617,7.2801,6.0793,5.9712,7.3275,6.25,5.733,6.2982,7.4903,6.3462,5.6632,6.3836,6.6849,6.7233,7.1969,7.5019,5.3486,6.6593,5.8023,7.4163,6.9134,7.3047,7.1839,5.9486,5.6787,7.3487,7.3034,6.247,6.7421,6.7741,6.5758,6.7476
SM0116,6.5798,8.8182,7.6196,7.7808,8.4321,7.274,6.9819,8.5611,8.2591,7.8614,9.918,9.6069,9.759,9.5302,9.4509,7.5102,8.5407,7.6376,8.1066,7.6904,5.9663,6.9747,6.2296,6.4209,6.981,7.376,7.0184,7.3109,5.5967,5.9715,6.961,6.5963,7.8267,7.3759,7.5446,5.3817,6.031,6.0359,6.9403,5.9523,7.091,5.4357,5.6289,7.0163,6.2073,5.9567,6.1373,7.059,5.7525,5.8897
SM0117,6.4321,6.2244,6.6244,6.7998,5.6412,5.0238,3.851,4.1816,4.8825,4.2607,5.3237,4.8314,5.8892,3.0796,4.1078,4.6422,5.3542,4.6038,4.0339,5.2839,3.2679,4.5425,4.3524,5.3553,4.3163,5.3485,6.67,3.7483,4.3926,5.4434,3.7114,4.8322,4.2961,4.8945,4.0287,4.918,4.2185,4.9251,4.9258,5.5172,4.7054,3.0984,4.6108,3.6458,3.4831,5.4047,5.4745,4.9212,4.6886,3.9268
SM0118,6.8942,6.4101,6.6316,6.4565,6.7533,4.8643,4.7394,4.0422,4.7302,4.6669,4.8668,5.0553,5.3032,5.3115,3.9231,4.7597,3.8631,4.8042,4.1248,3.9557,4.7749,4.7332,4.4598,3.993,5.997,5.1422,5.3312,3.22,4.8952,4.9909,4.3526,4.8973,4.2976,5.1824,3.4527,4.4389,4.9182,4.5328,4.8462,5.385,3.7382,4.647,4.403,4.8519,5.8088,4.9147,4.1982,5.0611,3.7064,4.1813
SM0119,5.4986,5.5916,4.4309,5.5897,5.6439,5.0137,5.3744,6.1577,5.8383,4.63,4.9562,6.8726,7.0918,5.4546,5.7807,4.6102,5.0209,6.2565,6.2741,6.1655,4.1685,5.5872,4.3759,4.7652,3.7379,5.442,5.0838,4.7723,4.3721,5.3116,5.042,4.3046,5.0884,5.2213,3.4376,4.7531,3.9223,3.32,5.5737,5.5735,5.0216,4.2586,3.9856,4.6323,4.0268,4.4617,4.9977,5.203,4.151,3.6217
SM0120,8.213,8.2883,7.9704,9.5852,8.4101,5.9745,6.0216,6.7801,6.5304,6.5841,5.8873,6.4859,7.9975,5.8574,7.1634,6.6274,6.2507,6.3754,6.7973,6.6334,5.5021,5.0245,5.7671,6.4845,6.3702,6.7105,7.5129,5.7879,6.5371,6.4968,6.4903,6.8,6.6086,7.6815,7.2294,7.612,6.2431,7.1482,6.7359,6.9106,7.4064,8.2219,7.1845,7.1588,7.2911,6.1806,7.4231,7.4681,6.5597,6.3835
SM0121,8.2607,8.5701,7.5841,9.3574,7.8744,7.0706,6.967,6.0898,6.6148,7.3853,8.54,7.8976,7.2257,6.4666,7.0652,6.8791,5.7219,7.4199,7.5083,7.9093,6.7835,6.0644,6.8941,7.5453,6.5503,7.7325,6.7741,7.8682,6.3852,7.2449,6.2297,6.6914,6.8243,7.728,6.7894,6.2755,7.7707,8.1078,6.6712,7.3115,8.2726,5.2826,6.9362,6.8998,6.0193,6.2107,7.1558,8.2693,5.9911,6.9543
SM0122,8.7052,9.6809,8.5172,7.9213,8.1518,8.5549,8.0386,8.0699,9.6321,7.5689,9.0642,9.194,8.0117,8.0545,8.4045,7.6924,7.9083,7.2625,8.4215,8.3784,7.0906,6.4131,5.9986,8.1657,6.5854,6.5036,5.7146,5.7218,6.0995,5.7515,7.1213,7.8052,6.9783,7.6255,6.1437,7.7218,7.1743,6.2127,7.0437,7.1844,5.8835,6.6356,7.2777,6.3765,6.548,7.5334,7.1974,7.3454,6.1237,6.6767
SM0123,9.3259,10.0257,9.1058,9.1885,8.3689,9.5241,8.0918,9.5689,8.0895,9.1105,11.1047,10.7917,11.2238,9.7693,10.1384,8.4174,7.4926,8.5104,8.5118,8.1897,7.5782,7.0799,8.1328,8.2162,7.7412,7.8431,8.0573,6.6995,7.3839,6.5296,7.2467,7.5094,7.6774,6.7459,7.3115,7.1032,7.245,8.6892,6.9816,8.4914,7.6252,5.3581,7.3538,6.9915,7.7787,7.6462,7.4307,9.1202,6.5451,7.3149
SM0124,7.5664,6.775,7.3065,8.5387,7.0669,6.3899,5.4881,6.7312,4.9266,6.2088,5.514,5.745,6.7256,5.4274,4.8731,6.4909,5.5636,7.995,6.3058,7.2602,6.2292,5.7865,6.1219,5.5737,6.1223,5.6433,6.1213,5.3877,5.4327,6.3388,5.8447,5.4979,7.0655,6.4849,5.7169,6.2306,5.1873,5.8019,6.3377,6.6082,5.6236,5.8422,6.2476,5.2455,5.6686,6.1966,6.8412,5.5836,6.5658,4.6759
SM0125,7.7288,7.4471,6.1875,8.1076,9.4958,5.9359,5.2621,4.6257,5.4243,7.0106,6.2986,6.7309,7.1309,4.9072,5.3081,6.0123,5.3117,4.8389,6.3593,6.833,4.7716,5.5762,5.2754,6.4407,6.2535,4.4424,6.0954,4.9629,6.572,5.185,4.8182,6.0221,5.2291,6.0468,4.4634,5.3463,6.2074,5.4003,4.4262,5.4017,6.1613,4.9776,4.6275,5.6336,5.7786,6.2312,5.6657,7.1143,5.9586,5.4912
SM0126,6.4904,6.1604,6.7243,6.9049,8.2136,7.0736,6.6375,6.2642,6.4773,7.8891,7.3026,6.6474,8.3909,7.171,4.9736,6.0819,6.0651,6.3027,6.7259,5.8665,4.3081,5.8949,5.0795,5.2583,6.5941,6.2616,5.3083,5.4828,5.4797,5.329,4.8539,5.5741,4.8671,5.7144,4.419,5.1004,5.4007,5.1064,4.6791,6.021,6.7163,4.5209,3.3868,4.7472,6.6909,6.3977,5.6121,5.921,5.1568,4.5277
SM0127,3.8668,6.4774,5.8268,5.8557,5.9106,6.5363,6.5002,5.7213,6.6883,6.664,7.4357,8.2649,7.5711,8.7839,8.9559,5.3485,6.8176,5.6913,7.1246,5.533,3.8811,4.7097,4.6651,4.5196,5.9747,5.0829,3.3035,4.0932,3.8491,4.7148,4.1141,5.5435,6.4567,5.2845,3.9721,3.5608,4.8687,4.4081,4.6843,3.6643,4.749,4.6064,3.641,3.4933,4.59,4.3639,6.1846,5.6892,3.4358,5.6513
SM0128,5.3341,4.9739,4.8801,5.4816,6.0868,5.0424,3.2819,3.5977,4.7378,4.7563,4.1734,4.2985,4.1446,4.4161,4.0319,4.129,4.2909,5.2427,5.4506,4.6526,4.0012,3.7627,4.1767,4.4973,5.4041,4.4117,5.7588,3.9859,3.7358,3.4759,4.3858,3.7478,3.7208,4.0493,3.2913,3.188,4.207,3.9635,3.8168,3.8801,5.4727,3.2971,3.765,3.8669,4.1325,5.4904,5.1046,4.9862,4.9718,4.4254
SM0129,4.9689,5.5538,5.0748,6.1625,6.2796,4.2988,3.7903,3.5069,5.0571,5.4237,4.1297,5.4608,5.9259,5.0371,4.3811,3.5252,3.9985,3.4258,5.3019,4.7596,3.972,2.8552,4.0799,3.8091,3.9691,3.4701,5.6135,3.2615,4.2815,4.2286,4.1595,3.7896,5.5399,4.7171,4.912,2.4855,2.8479,3.785,4.4678,3.814,5.3124,3.7732,4.5438,4.2816,4.4524,3.5162,5.064,5.547,4.5637,3.149
SM0130,6.0243,4.8342,4.8523,6.8589,5.2549,6.1479,4.956,5.0959,4.242,4.0238,5.931,5.9278,6.2104,3.5677,4.9886,3.9817,4.3957,4.5863,4.8719,5.7326,3.1782,2.8483,4.5244,3.0518,3.5842,3.893,4.2753,2.434,3.6062,3.4344,3.8519,4.1681,3.3859,3.6715,2.7827,3.856,3.7021,4.5682,4.7795,2.7456,4.4865,4.3393,4.5519,3.6144,3.6012,4.0975,3.512,3.5618,2.9072,4.3532
SM0131,8.3987,8.9181,8.7372,8.2677,8.6399,6.7558,7.3836,7.2816,7.0619,6.0782,7.6106,6.9608,7.0976,6.5109,7.5139,6.5769,7.1525,7.4651,7.7523,6.7652,6.2625,6.4754,6.7784,6.9715,6.4754,7.8772,7.9272,7.1704,6.2476,7.48,6.9346,5.8769,6.8797,7.5599,6.6367,6.4208,6.862,7.2373,7.7081,6.9306,6.8575,6.607,7.0748,7.2735,6.8286,6.0176,7.2432,6.4485,6.3921,6.1894
SM0132,7.1428,7.1903,6.367,7.5905,9.1457,7.1363,7.4553,4.9646,7.557,7.398,7.2038,7.6979,7.7636,6.8958,5.8665,5.7549,6.3567,6.491,6.5104,7.7798,6.5981,6.3845,8.3027,7.1594,5.6496,6.9936,7.8295,4.9449,6.283,6.4818,5.9979,5.9578,7.719,7.2038,6.0172,4.6832,6.2115,7.5453,5.2742,6.2455,7.3269,6.6627,6.5645,6.4036,8.0023,6.8809,6.8298,6.5761,5.497,7.1838
SM0133,6.5929,8.2867,6.4497,6.929,8.1038,7.9717,6.9535,6.8875,6.3938,7.3149,8.8507,8.3581,7.7879,7.4037,6.6621,7.5022,7.7716,7.1461,7.8596,8.0174,5.7833,6.2647,6.3272,4.9734,6.2124,8.1542,7.6296,5.7886,5.0678,5.5822,6.5161,6.9072,4.9367,6.0639,6.1764,6.4106,5.6954,6.7611,6.7621,6.9643,6.0592,6.6145,5.5169,5.55,6.6438,5.9411,5.7093,6.9273,5.7784,5.9122
SM0134,6.7314,6.9026,6.7193,7.4097,7.4362,7.4767,7.4574,7.9814,6.5851,7.3209,9.5517,8.8476,8.8685,8.4203,9.0151,6.2503,6.894,6.6069,7.8781,8.2707,3.8071,5.0416,5.569,4.7939,6.4434,5.572,5.6337,5.6106,4.8162,5.1332,5.768,5.6396,5.6202,5.4938,3.9255,4.6814,6.3176,4.8903,5.5477,4.6577,5.3509,5.3239,5.9082,5.2744,5.9522,5.0867,5.3743,5.2022,5.0438,5.3088
SM0135,7.4491,6.4301,8.7198,8.3883,8.0405,7.165,6.2155,5.8233,5.923,6.2882,5.5093,7.2824,6.1932,4.7094,5.789,6.6138,6.022,5.626,7.4934,7.7072,5.638,5.2362,6.1982,5.5585,6.853,6.9018,7.4835,5.4961,5.6246,5.1214,6.0096,6.9006,5.6278,7.6144,6.3751,5.9072,6.94,5.5098,7.2998,6.3535,7.2022,5.5208,5.0599,5.9354,6.4639,6.1764,6.6718,6.1442,5.9812,4.6599
SM0136,9.4641,7.3364,8.3596,8.185,8.7309,7.9502,5.9846,6.4364,7.4184,7.0131,7.7364,6.2793,7.3079,6.1724,7.1615,6.7721,5.8617,6.7977,7.2688,7.1178,4.8017,5.2497,6.7288,5.8493,7.2284,7.2557,7.0121,5.9423,6.5392,5.4115,6.2731,7.0477,7.0698,6.6064,6.7507,6.1812,6.869,5.7912,6.8137,6.6511,7.7972,6.3155,6.7882,6.0043,5.977,6.9055,6.1749,6.5047,4.5633,4.9369
SM0137,7.9578,7.7967,6.9569,8.6495,9.2411,7.4938,6.4901,7.2538,7.9514,7.6288,6.9016,8.595,8.8426,7.8723,7.8398,7.2872,6.0706,7.3567,8.2271,8.0543,5.7152,6.4147,6.7753,6.3636,7.4267,7.2397,6.1655,6.342,6.1495,6.7407,6.731,6.5926,7.2034,7.6328,5.7435,6.3122,6.9765,6.3231,6.6244,6.9756,6.8493,7.2096,5.3604,7.168,6.6502,5.1859,7.0122,8.1394,5.9891,6.5158
SM0138,8.7257,8.081,8.3686,8.3204,9.3857,8.8371,7.9715,8.6432,9.6787,9.6309,9.9501,10.5364,10.5441,9.4002,9.9652,8.1638,8.782,7.7438,8.8233,8.972,7.1522,6.5871,6.1782,7.6977,6.9402,6.9755,7.2941,6.6938,6.6529,6.3004,7.1212,8.4078,5.9191,8.3384,6.1891,7.4105,6.4548,7.832,7.0966,7.1404,7.6958,5.6184,5.8792,7.1699,6.996,6.4171,6.4077,8.4191,5.5289,5.9889
SM0139,9.0335,9.2477,8.4339,8.9788,8.3235,8.4184,6.3107,7.6462,8.1575,6.5877,7.1404,6.6667,8.2042,8.0267,6.6489,6.7874,5.714,7.7427,8.1729,8.1068,6.6052,6.8403,7.6091,6.4111,8.1502,7.8025,7.6925,7.2892,6.7861,8.2376,7.5937,8.4775,6.7219,8.4538,7.5848,7.9561,7.2044,7.5271,6.8133,8.8245,7.8516,6.8132,7.674,6.9369,7.5079,7.8269,6.6325,7.8263,6.8196,6.8165
SM0140,8.8573,9.3207,9.4152,6.9535,9.3874,7.4493,6.7372,7.642,7.1874,6.7745,7.6958,8.0374,9.379,6.9584,7.5289,6.4899,8.1798,5.7896,6.8805,6.8105,6.9473,6.2609,6.5667,8.1147,8.6524,7.4432,7.759,7.1079,5.92,6.2731,8.7139,8.0059,7.921,7.9569,7.9016,6.8277,6.298,8.0232,5.2534,7.8139,7.8619,7.0286,6.3281,7.7033,7.1505,9.0432,7.6465,7.6086,6.9651,7.6654
SM0141,9.7746,9.0991,7.5179,9.5635,9.6933,8.7202,7.8088,8.5208,7.9429,9.0769,8.1042,8.9377,9.2021,8.2814,7.7124,8.5519,8.572,9.5586,9.6399,9.0707,7.5067,6.4934,7.6817,7.6511,6.5236,6.1666,7.7867,5.5662,7.2283,6.7391,7.0821,9.2826,7.8514,7.6782,6.4174,7.8721,8.5424,6.2651,6.9411,7.8876,6.9696,7.3056,6.2316,7.0757,6.8743,7.8605,7.5888,8.3382,8.1818,8.2976
SM0142,7.2993,8.7498,8.7089,8.6584,8.6608,7.0097,5.0165,6.9055,6.3396,6.9435,7.1591,6.4709,7.9173,6.6883,6.01,6.5846,5.3086,6.8046,6.5795,6.9572,5.9635,6.0595,5.6161,6.5131,7.0225,5.9561,6.9491,6.3247,6.903,6.7485,5.836,7.6524,7.6018,5.6615,5.8887,8.23,7.4151,5.828,6.3813,7.5535,8.1471,5.2162,6.2699,5.6106,5.5774,6.79,6.379,6.6779,5.972,5.345
SM0143,8.9886,7.7472,7.415,8.2666,8.0523,7.6797,6.3945,6.7244,6.7973,8.1224,7.9069,7.987,8.8677,5.9161,6.3253,5.7427,6.5421,7.7501,7.3336,7.6542,6.3731,6.6014,6.4066,7.5121,6.7118,6.116,7.7832,6.0585,6.5355,6.2834,6.5384,6.461,6.7891,7.8942,6.005,4.6631,6.6946,5.8652,6.7238,5.863,7.3188,5.4893,6.4874,7.6071,6.2908,6.6229,7.4788,6.9376,6.7897,6.6886
SM0144,8.0513,8.8966,9.744,8.7508,9.2967,8.2461,7.1435,7.7021,7.2604,8.6523,7.6324,9.422,9.6219,7.8481,8.2255,6.533,7.5458,9.46,8.9153,8.8261,7.1893,7.3361,7.3371,6.7718,7.5671,7.93,7.1807,6.5184,7.5361,7.86,6.0563,7.8703,7.5519,6.4039,5.1113,6.2757,6.6253,6.8168,6.8269,7.0101,8.9486,5.8526,6.8093,7.8019,6.7377,7.5604,7.803,7.4697,6.2944,5.6832
SM0145,9.0316,8.8486,9.2593,9.166,9.2101,9.5881,7.6302,8.4231,9.6977,8.2425,11.8158,10.6684,9.8203,9.3073,10.4078,8.4029,8.2646,8.3819,8.3633,8.6998,6.9689,6.9769,6.8104,7.3421,7.5289,7.8479,7.9301,6.5768,7.4674,6.6709,7.8505,7.7918,7.3399,8.3673,7.5577,7.0379,7.4234,7.1214,5.5947,8.2931,7.6775,7.1649,7.6408,6.4353,7.2028,7.7777,8.1196,7.0291,4.876,7.6344
SM0146,7.8795,8.976,8.3009,8.2767,6.8583,7.1442,6.4115,6.2911,6.0538,5.7292,6.49,7.5246,7.4448,5.9691,5.6311,6.6497,6.0131,4.9531,6.4791,7.0035,6.4032,5.9191,5.2057,7.7289,6.8722,5.8021,7.8978,5.4039,5.2295,6.6104,6.4459,5.9854,7.3426,7.2614,6.3317,5.4961,6.1483,5.4809,6.3659,6.0711,6.481,5.6746,6.4359,6.4601,5.9267,5.8374,5.7941,7.1636,5.2647,7.1458
SM0147,5.8209,5.1542,4.112,5.6028,5.7732,5.7726,5.1043,4.0481,5.1594,5.4851,5.7546,5.1593,7.3714,3.8961,5.1599,6.0055,4.9973,6.3699,4.279,5.654,3.687,5.3299,4.8002,5.512,5.2564,5.3723,5.6065,5.0292,5.0108,5.6419,4.4319,5.0439,4.1635,5.1463,4.5884,4.9213,6.1425,5.392,5.956,5.7404,5.5446,4.519,6.1157,4.3254,6.4088,4.9689,7.0297,4.577,4.1964,5.625
SM0148,5.4815,6.0968,5.2582,5.176,6.6344,5.7625,5.0377,5.1534,5.9472,5.4163,6.3977,5.6383,7.2725,5.7528,5.586,5.4693,5.8241,4.6278,5.2885,5.9823,4.6358,5.2391,5.2766,4.121,5.4878,6.3961,5.9306,4.8135,5.735,5.7756,5.666,5.248,6.6812,6.7264,5.5105,5.797,5.0972,5.324,5.3161,5.8245,5.7803,4.8216,5.0209,5.7298,6.7234,6.4629,6.4502,7.1428,5.0128,5.5562
SM0149,5.286,6.1263,6.7911,6.3529,6.6532,7.0484,7.4083,5.0282,6.8464,6.0356,6.3241,5.8652,6.9339,4.248,5.9321,8.3082,7.2352,6.6237,8.0541,8.2561,5.3956,4.8712,6.5375,7.0118,5.79,5.5629,6.0976,5.3344,5.5213,5.1621,5.9695,6.2543,5.7323,5.6855,5.242,4.6857,5.6856,5.3496,6.0566,6.4486,6.7793,4.7263,6.5947,4.3715,4.6308,4.2793,5.2534,6.9622,5.2798,6.0185
SM0150,6.1583,6.875,6.3805,6.8958,6.4064,9.1166,6.4059,7.5459,8.164,7.2238,5.4853,5.7374,7.5368,7.1016,6.0011,7.9534,8.3728,8.1716,8.4112,7.4072,5.6599,6.9436,5.4534,5.5191,6.8683,5.8002,7.3934,6.7166,5.4644,5.8063,7.2659,6.6535,6.4172,7.4838,6.5539,5.5233,5.8242,6.1934,7.0193,7.5343,6.5043,5.0429,6.4102,6.1845,6.1731,5.7603,7.2895,6.6612,4.9051,6.6026
SM0151,6.342,6.3155,7.168,7.3484,6.0696,6.4003,5.6815,5.6283,6.6343,5.6899,7.8627,6.6927,6.8931,6.454,5.8032,6.1168,5.557,5.2642,6.7829,6.2129,7.0756,6.0444,7.4183,6.3613,5.289,7.6456,7.157,6.4961,5.3632,5.6153,8.0489,6.4639,8.1206,8.0079,6.0635,6.5346,6.0334,6.2626,6.224,8.2211,8.3481,6.9881,5.5586,6.3408,6.8618,6.9406,6.038,6.3276,5.4678,6.7409
SM0152,5.8609,5.5985,6.6817,6.8155,7.4328,6.5109,5.8594,7.5359,6.5799,6.5891,6.7125,6.6088,8.0606,6.6565,6.4323,6.991,6.4048,6.8412,6.3079,7.7587,6.4391,6.4515,6.1772,6.1815,6.3786,6.8624,7.0161,6.5046,6.787,6.338,6.3179,7.0099,6.7732,7.1672,6.0625,5.8521,7.6424,6.7372,7.1257,6.6499,6.5182,6.0776,6.8358,6.3184,5.8995,8.1515,6.2966,6.9854,5.7884,5.6861
SM0153,5.2593,5.8149,6.6287,7.6605,7.6383,8.5886,7.5605,6.8724,6.8864,8.9703,7.7528,6.0409,5.8463,4.8662,5.8115,8.0554,7.055,7.625,7.8227,8.3472,6.3186,7.1764,7.4537,5.5523,6.7618,6.8334,6.3194,6.7252,4.9388,6.5613,7.3718,5.8486,6.8633,6.4697,6.4891,6.6675,6.705,5.5281,5.6285,7.5667,6.2419,5.4663,7.0013,6.3277,6.0201,7.1315,6.4363,6.9942,5.9153,7.0953
SM0154,6.408,5.53,6.6542,7.2242,5.6304,9.1081,6.6513,7.6971,8.7203,7.44,7.0105,6.9838,6.9018,6.3722,5.6995,6.9481,7.8077,8.2063,7.87,8.2023,5.5369,6.1391,7.1746,6.6387,6.6159,7.0253,6.384,6.2895,5.5847,7.0861,5.0195,5.94,6.5081,5.9761,6.0262,6.0768,6.7265,6.4261,7.7077,7.1053,7.9618,5.6718,6.914,6.2639,6.7825,7.8052,7.7397,6.1452,5.8581,6.277
SM0155,5.2935,5.2405,5.1612,5.0253,5.1949,6.8119,4.7558,5.1387,6.2149,5.9711,5.3266,5.6916,6.13,5.3055,5.5672,4.7546,6.0021,5.8241,7.4242,6.8589,5.3334,4.5138,5.1454,5.6585,5.592,5.9101,6.7789,5.7265,5.9915,5.3203,6.3751,6.3693,7.3521,5.7556,4.7893,5.0202,7.6124,5.4337,5.718,5.8088,5.7091,5.9588,5.5458,6.1576,5.766,6.0935,6.6071,7.2797,5.265,7.0694
SM0156,5.6003,5.3272,4.8009,5.238,5.0564,5.6118,4.7561,7.1644,7.1172,5.2755,5.8094,4.9738,6.6023,5.2556,4.4604,5.1076,6.9745,5.5757,6.0556,6.3708,5.0944,5.4045,5.2603,6.0594,5.3524,6.4563,7.9172,6.1349,6.1149,5.4958,6.007,6.5793,6.7658,6.2167,4.9941,5.5909,6.1979,4.7224,5.8135,5.4244,6.3389,6.1713,6.197,5.5106,6.918,5.651,7.2419,6.7454,6.0042,5.3216
SM0157,4.75,7.4818,4.6771,5.7615,5.7831,6.9617,6.6423,6.2116,6.2025,7.3099,6.4275,5.0593,5.9982,4.3744,5.0986,7.446,7.974,7.4529,6.0221,8.5071,5.702,7.1202,5.5642,5.6579,6.2275,5.0951,5.4527,6.1445,4.6742,6.7225,6.4759,5.5858,6.6042,6.3309,5.0543,5.5822,5.6189,6.2451,6.5196,6.1408,6.4572,5.2304,5.4185,5.366,7.2133,6.7288,6.5284,7.1391,4.7792,5.3398
SM0158,3.4351,6.0259,6.4308,5.575,5.9084,8.4408,5.7215,6.9472,7.4886,8.0802,6.3086,6.2544,4.8879,6.7506,6.3213,6.2273,6.2112,7.5518,7.3902,7.2751,5.4011,5.0682,5.6554,6.0522,6.4018,6.437,6.0987,5.1118,5.1713,6.2199,4.9061,6.9505,5.929,5.2254,3.7574,5.283,5.5859,6.3369,5.0252,5.0436,7.3378,4.5397,5.4842,4.8023,4.551,5.7324,6.2353,7.3304,4.9736,4.1708
SM0159,5.5313,5.9061,5.9971,6.9478,6.3583,7.065,6.37,5.9403,6.703,6.9364,6.377,5.8141,6.2105,5.6093,5.839,5.8056,6.0757,6.7106,7.1894,5.719,5.4973,6.2055,6.1666,6.1763,6.4826,5.9983,6.7326,5.7267,5.8604,6.4268,6.6607,6.2373,6.1074,6.2136,5.425,5.0848,6.3814,5.3709,6.5252,5.5349,7.4009,5.5828,5.8158,5.8744,6.5498,6.6409,5.3698,5.517,6.0344,7.5156
SM0160,4.5692,6.0206,6.2808,5.9299,6.2136,7.3963,4.1993,5.7533,6.5688,5.5141,7.6033,6.3296,6.8897,4.1954,4.7906,5.9975,5.9545,5.9152,5.6346,6.5217,5.3513,5.1382,5.6253,4.8493,6.0418,5.1306,6.606,5.4607,6.0862,6.5764,5.4103,5.9081,6.1972,5.161,5.284,5.0184,5.6471,6.1178,5.7657,5.9803,6.0459,5.3149,5.544,6.311,5.9344,5.232,7.5063,6.3713,6.7753,6.606
SM0161,5.1393,4.8517,6.0219,5.5764,6.8452,7.3564,5.0787,6.8742,7.6058,7.0282,6.4418,6.0188,6.8696,4.7175,6.8711,6.88,6.9892,6.3278,7.0465,8.3177,5.2591,5.6547,6.8862,6.3703,5.2039,7.0053,5.9617,5.0345,5.4584,5.7227,6.6484,5.5107,6.2536,6.84,5.3038,4.4639,4.597,5.6705,5.4844,6.0302,5.7077,6.0404,4.402,4.801,6.391,5.6063,6.3518,7.7782,5.0654,5.7067
SM0162,5.5423,4.8794,5.1256,5.874,5.5976,7.508,6.3691,6.7572,6.678,7.2009,5.9172,5.8108,5.7684,5.1081,4.3823,7.571,6.5652,7.6167,8.3205,6.7443,4.5128,4.6397,4.4863,5.5198,6.5126,5.8681,4.1062,4.2094,4.2873,5.9685,4.4642,5.411,5.3021,5.7426,4.2859,5.3832,5.6562,5.7908,4.8731,5.5731,5.2647,4.3658,4.2272,5.4178,6.0598,5.3583,5.9966,5.9946,4.9063,5.7854
SM0163,6.8338,5.8358,6.7298,5.6804,7.029,6.4374,6.0137,6.5611,5.592,7.0979,6.4048,5.2335,7.5063,6.4007,6.9342,6.9508,7.2378,7.63,7.4712,7.482,5.7314,5.751,6.1438,6.1155,6.2756,7.2393,7.1086,6.6657,5.7389,6.4711,6.0906,5.8421,6.4191,7.5207,6.6342,6.3287,5.5559,4.772,5.7692,7.5291,7.4185,6.8588,5.6341,5.6174,5.3939,6.5625,6.5545,8.0764,7.0452,6.0367
SM0164,5.7576,6.0651,6.7776,6.8196,7.404,7.1143,6.8246,7.4646,7.3968,6.573,7.2411,8.3857,6.3546,6.7829,5.848,6.7185,5.9307,7.2184,6.591,6.9692,5.5575,5.7287,6.009,7.3191,7.0896,8.0091,6.1969,5.8545,7.4559,6.2556,6.3924,5.6319,6.6939,6.8199,5.2332,4.9694,5.3971,7.1384,6.9388,6.3088,6.5193,6.495,6.5878,4.7133,6.2363,7.7802,7.3029,7.1376,6.581,6.9151
SM0165,7.1598,6.2399,7.6575,7.0399,7.2567,7.514,6.6907,7.5202,8.7976,8.9806,7.8441,6.5514,7.0204,6.9071,5.9196,7.9109,7.8935,7.8608,8.2081,8.6885,5.7897,5.538,5.6925,7.617,6.3214,7.0245,6.1948,5.728,6.5988,6.1393,7.6717,6.2712,7.5058,7.0875,6.2716,6.6687,6.618,7.6263,6.6625,7.7069,5.7898,5.8017,6.6801,7.1704,7.0594,7.1608,7.144,7.7281,6.5471,7.5311
SM0166,6.6214,7.7884,6.8455,8.1103,7.296,9.6563,8.2118,8.7317,9.454,9.614,9.3636,8.591,8.9568,7.8336,7.1663,7.2224,7.4976,9.7815,8.4611,9.503,7.1782,7.5639,6.7472,7.8606,7.4377,7.5634,7.9239,6.3671,7.1363,8.0246,9.1895,7.7848,7.5796,8.5252,6.4493,6.6956,7.7797,6.5219,8.5405,7.6756,7.4582,7.8731,7.8006,7.1581,7.0288,7.4939,6.7579,7.6177,7.3784,7.1041
SM0167,6.0791,6.7842,6.7683,8.1859,7.7295,7.6268,6.7926,6.5658,7.266,7.3978,7.9414,7.5971,6.9858,7.5025,6.5693,6.8625,8.1255,7.1042,7.7755,8.1418,7.3954,5.641,7.6775,6.8979,7.537,7.4652,8.7659,5.5841,7.1005,5.8326,8.3575,5.4687,7.0542,7.4374,6.446,6.3521,7.3199,7.4734,8.3545,7.2483,6.5745,6.6823,6.0002,8.4716,7.8969,7.7406,6.7671,6.9509,6.7258,6.8575
SM0168,8.0165,6.4415,6.6375,7.4829,9.0963,8.6419,7.1609,7.8227,7.685,8.5421,7.7622,7.9183,7.4055,7.653,7.7983,8.918,8.975,8.9913,9.7079,8.6632,7.7028,8.0301,6.1357,7.4841,6.7309,8.2012,8.3191,7.293,6.6385,6.4351,9.5943,8.0114,7.1081,8.2055,5.3538,8.715,7.5537,6.9951,7.2398,6.8834,7.804,8.0485,6.6457,6.0905,7.1175,7.4527,7.5171,8.5979,7.8965,7.6765
SM0169,8.1575,6.9964,7.5007,8.5579,9.3476,10.0554,8.864,8.9647,9.4862,9.485,8.151,9.6828,9.5801,6.9446,7.3629,8.6483,8.3728,9.4054,10.429,9.6484,8.5685,8.5711,7.7512,7.9913,7.5094,7.8814,8.9107,7.4598,7.991,8.2885,8.5996,8.417,7.6968,8.0651,6.6026,7.4716,8.5209,6.8101,7.5742,8.9785,8.781,7.1388,8.0657,8.0623,6.8143,7.9939,8.2223,6.8786,7.6711,8.0348
SM0170,7.5166,7.6806,6.2205,7.3186,7.5349,7.7955,6.2273,7.0666,6.8922,8.0765,8.6797,7.9596,7.9516,6.9786,8.2861,8.6845,7.8271,7.4112,6.8008,7.9296,7.1661,7.357,6.9938,7.5131,8.0766,7.7094,7.2454,7.5864,6.761,6.1488,7.3163,7.7921,8.0445,8.5488,7.1957,6.7361,6.8908,7.8408,7.3403,8.2095,7.9936,5.6196,8.357,6.1985,7.9003,7.0381,8.3372,7.9567,6.855,6.6854
SM0171,7.6966,7.2872,8.3152,7.5532,8.0297,8.5026,7.6091,7.7632,8.05,8.6698,7.8335,8.2925,7.8502,7.2971,7.5251,6.8917,7.0543,8.5647,6.9588,8.6497,7.6999,7.2423,6.757,6.8039,8.7152,8.1596,8.5336,6.4044,7.3195,6.9288,7.321,9.3039,8.4762,7.322,7.2744,6.931,7.8208,6.274,7.3559,8.1591,8.4886,6.321,8.0275,8.1085,8.1446,7.9715,7.9425,7.9131,6.7956,6.1009
SM0172,7.8745,7.2442,8.3126,8.8629,9.2157,10.0026,8.6134,9.0958,9.3491,8.8476,8.6905,8.3041,8.3091,6.5185,7.3099,10.1773,9.3307,9.0505,9.8243,10.1915,6.9977,8.7456,5.8817,7.8514,7.5263,8.9648,9.3107,6.8652,7.4884,7.8732,7.7365,9.2025,8.3435,9.6573,8.3112,8.4161,9.1569,7.928,7.864,9.0592,7.5366,6.9503,8.3919,8.5215,8.0792,7.936,8.1092,7.5757,7.486,8.0074
SM0173,8.7901,7.4696,8.0179,8.2139,9.3452,10.3357,11.1336,9.9699,9.6731,11.6975,9.1933,8.8421,9.7989,8.9942,9.0059,9.1119,10.354,9.9924,10.875,11.3347,8.4892,9.0528,8.9606,7.9242,9.5432,8.3336,9.9725,8.2634,7.205,9.2401,9.7971,8.0353,9.68,10.0122,8.2327,7.8042,7.5939,9.0358,8.1066,9.1661,8.3253,8.5284,8.9545,8.495,7.2054,8.0585,9.6708,9.2515,8.4127,8.309
SM0174,5.884,6.6924,5.9709,6.1785,5.5634,5.5825,5.8559,6.6903,6.6562,5.1447,5.2746,5.9153,6.904,5.2206,5.1674,4.1138,5.1353,6.0508,6.4789,5.7585,3.9098,4.7622,5.0686,5.9629,5.5523,6.2371,5.6291,5.6999,5.412,5.3843,5.6257,6.4149,5.0093,6.7041,5.325,5.2864,4.9901,5.2402,5.662,6.4759,6.7922,4.0105,5.0192,6.6414,5.9209,5.7564,6.4878,5.6512,5.9906,5.2362
SM0175,6.243,5.899,6.7239,6.9879,5.8552,7.8777,7.6657,6.4815,7.0807,8.0752,6.2385,5.5403,8.1054,6.364,4.7133,6.6902,7.9304,6.7949,7.7907,7.4475,5.9813,4.769,5.8138,6.4946,5.8966,6.3818,6.8785,6.2513,6.3647,7.1785,5.9092,4.8041,6.7077,6.3529,5.0862,5.4867,6.0726,5.6161,6.0896,7.0354,5.941,6.2236,5.0381,5.9395,5.5198,7.6315,6.8508,5.4791,5.8872,4.9793
SM0176,6.1466,6.674,6.7848,7.6962,5.7514,9.7545,8.2466,7.6732,8.5584,8.3084,6.3986,7.0221,6.4468,5.9324,7.1447,7.3465,8.1456,7.7682,7.2831,7.898,6.3543,6.4348,5.3595,5.4466,6.2369,6.9148,6.4662,5.5339,5.8895,6.2284,6.8614,6.124,7.6928,6.6548,5.7463,6.3456,5.952,6.6221,5.5338,7.764,6.6164,4.9285,6.1599,5.8752,6.5179,6.4334,6.4005,6.9797,5.0752,6.2438
SM0177,6.6222,6.8132,6.2816,6.7058,7.1768,6.876,5.7809,6.4411,6.3005,7.4161,6.0574,6.0282,7.7661,5.696,5.7868,5.5642,7.1713,6.8278,7.664,7.443,5.4708,5.9897,6.3302,7.2243,7.0601,6.186,6.0037,5.8479,6.7473,7.4312,6.6107,6.6943,6.9837,7.4195,7.6501,4.9244,6.6855,7.2841,7.4104,7.0841,7.6788,5.9026,5.7883,5.3027,7.1823,6.6782,6.8964,7.8311,6.8531,6.9381
SM0178,6.45,6.9436,6.0448,7.3099,6.8802,7.2777,7.4104,6.7482,6.9657,7.5706,7.1685,6.8933,8.3776,7.0401,7.3387,7.6752,7.0762,8.2197,7.9766,6.5826,6.9745,6.6518,7.6589,7.3636,7.2373,6.9938,8.0209,6.6132,7.485,7.892,6.9614,7.5475,6.8356,7.5827,6.7555,7.063,8.4086,6.5681,6.7445,6.8773,6.8796,5.8637,5.4728,7.0191,7.4739,7.3009,7.7289,8.4793,7.051,6.5992
SM0179,6.2952,7.188,8.0945,8.9504,7.684,9.2723,7.3363,7.9842,9.1674,9.3861,7.9232,7.1643,8.2391,5.7631,7.5529,8.0396,8.8926,9.5171,9.9489,9.2629,7.4728,6.0484,8.43,8.6435,8.8837,8.4161,8.0622,7.3981,7.073,8.0331,7.0294,7.3788,7.3598,8.3498,6.7358,6.922,7.6649,8.6652,8.4427,6.9607,6.9203,6.3748,6.5183,7.1836,5.967,7.7266,9.1125,8.4943,7.1662,7.7523
SM0180,8.4741,6.7861,9.2036,7.8699,8.2088,10.4834,10.9782,9.7271,10.5048,8.8808,8.0891,10.5081,9.1048,7.8322,8.1317,9.3922,9.5752,9.0345,9.5329,8.783,7.2045,6.9386,9.2846,8.5852,8.9154,8.1765,8.6718,5.8101,8.612,8.5582,7.332,7.6855,9.1748,8.6692,7.972,7.6262,7.2454,6.8678,8.702,7.9884,8.156,7.8506,7.4092,8.1036,7.8088,9.4559,8.682,8.3921,6.3426,7.6521
SM0181,5.8347,6.9997,7.0142,6.785,8.1002,6.8143,6.6084,6.4596,5.821,6.6172,6.6203,7.8917,6.7877,5.981,5.8796,6.7503,7.409,7.2188,7.5015,8.386,7.2811,6.3485,7.2405,6.3761,7.0522,7.2637,6.8925,6.7339,5.9195,5.9489,7.5681,7.5123,6.7939,7.9714,7.268,6.7658,6.883,6.2781,6.6434,7.542,7.0588,6.8171,6.5451,6.2145,7.162,7.1506,6.5208,7.242,6.9518,6.3443
SM0182,6.7032,6.9528,7.8699,6.3484,6.9675,8.2398,6.831,6.9617,6.7907,6.862,6.7856,8.216,7.0917,7.5056,8.4858,6.6434,7.4103,5.9583,7.5004,6.8844,7.6281,6.1266,5.9248,7.2743,8.1239,6.923,6.3054,6.9712,6.9391,6.8286,5.6574,7.7759,7.4738,7.698,7.0582,6.5671,7.2776,5.8508,7.6499,6.7226,8.0499,6.6388,6.0259,6.9895,8.3981,6.566,6.6866,7.276,5.9187,7.5215
SM0183,6.8834,7.5768,7.2965,8.087,8.4227,10.0181,7.7584,8.1781,7.6625,8.2532,8.2282,7.991,7.9431,7.4664,6.8453,9.0917,8.532,8.4236,8.9973,8.4701,6.2607,8.5393,6.9306,8.2448,7.5251,9.0279,8.1557,7.3717,7.38,7.4256,7.3043,9.0307,7.4872,8.6054,7.0283,6.7089,7.1593,7.5915,7.3217,7.1558,9.0254,8.1422,7.792,7.4438,7.5036,7.3968,8.9486,7.4747,6.1662,7.1196
SM0184,8.1781,9.9567,8.3676,9.1995,8.1546,10.5199,10.9664,9.6365,9.4944,10.3971,8.4653,8.7904,9.9566,9.2357,7.8682,9.2865,9.9243,10.1084,10.614,10.433,8.177,8.1387,8.6022,7.9481,8.9176,9.0594,10.0721,8.9822,7.7067,8.7908,8.1786,8.6119,8.7449,8.1043,8.4701,8.2511,7.2163,8.818,8.5384,9.5455,9.2101,8.3612,8.0364,7.2994,8.1072,9.2694,8.3643,8.2751,7.7532,7.3118
SM0185,5.784,5.8375,6.834,6.8478,7.3659,5.7986,5.2794,6.4785,6.991,5.3942,6.2472,5.5428,6.3384,7.0675,6.4309,4.9016,6.9465,5.7052,5.6946,6.9124,4.4507,5.9002,6.8154,6.099,6.2572,6.0952,6.5294,5.5033,6.4337,7.0942,6.6461,5.9646,6.8792,6.7055,5.9058,6.0478,5.8432,6.5518,6.3644,6.8592,7.1131,5.8665,6.1957,8.2605,5.7137,6.0486,6.8509,7.1878,4.8359,5.1149
SM0186,6.5586,5.8494,5.6603,5.7767,5.8961,7.0583,6.1977,6.3138,6.6782,7.0077,7.0044,5.1822,6.8958,5.4434,6.0214,6.7836,5.6705,6.0816,7.4602,7.9845,6.135,5.062,5.7384,7.7484,5.7135,7.4316,7.9273,6.7412,5.7327,6.1917,6.2399,6.1953,7.6801,8.4343,5.9728,5.4572,6.4387,6.1917,5.448,5.5902,5.1406,6.3547,5.7195,6.3315,6.8553,6.6513,6.9129,6.6834,6.2131,7.0113
SM0187,6.8724,5.5281,6.9191,6.934,7.3765,7.5978,6.8283,6.8722,7.5893,7.3391,8.0128,7.5048,7.7537,6.4014,6.9468,7.3611,7.472,7.907,7.6059,7.3104,6.512,6.4874,6.742,8.2785,7.159,7.9341,6.4904,7.4566,6.9021,6.9696,6.5998,6.9165,6.8394,8.0845,5.7895,6.1074,7.2635,7.0848,7.1437,6.5681,7.152,6.6917,5.2853,6.7404,6.3523,5.8233,7.3665,8.3803,6.5048,7.5847
SM0188,7.9987,7.0984,7.6399,7.7218,6.3594,9.2251,8.5673,9.1885,8.1963,9.4025,7.338,7.3811,8.3677,5.8377,7.799,8.4707,9.3391,9.2886,9.7706,9.2227,6.6641,6.5489,6.8793,6.1733,6.2995,7.1707,6.723,5.2577,6.5511,7.2357,8.0003,7.2327,7.013,8.4109,7.0335,6.0419,7.5344,6.0554,7.7001,7.6635,8.0651,6.9983,6.7733,6.6652,7.2524,7.6049,7.5274,7.8775,6.1329,7.1687
SM0189,6.1658,6.3057,6.4008,5.9652,5.8079,5.7065,5.5721,4.4934,4.9727,5.2476,5.932,6.3622,5.6072,5.2059,4.5925,5.8986,7.0233,5.6358,4.6269,5.8452,5.6161,4.6735,5.1647,5.6748,5.2206,6.0393,5.9803,5.364,6.9724,6.8014,5.978,5.7252,6.4182,6.7516,4.8848,6.5205,4.6768,6.3625,6.8187,5.7596,5.4859,5.7521,6.1969,5.5574,6.0001,5.6703,5.797,6.5608,4.9953,5.776
SM0190,5.843,5.6481,6.9392,6.4485,6.5504,5.6993,5.1053,6.2177,6.454,6.4788,6.0399,6.5726,6.3592,5.5726,5.1958,5.7126,5.2648,5.6894,6.6754,4.9915,5.4515,5.2462,5.0304,6.5454,5.7943,5.8346,6.6294,5.3812,4.6964,5.3789,5.2325,5.8927,6.813,5.9852,5.1389,4.6429,5.6998,5.9918,5.9332,5.5329,5.1955,5.2442,6.0049,4.2955,5.8687,5.6257,5.0446,6.9849,4.5998,4.9961
SM0191,4.9253,4.8292,6.2,6.1435,6.7232,6.5652,7.2454,4.9332,5.969,7.6138,5.4519,6.6193,6.9119,5.3836,4.4638,7.6872,7.3885,7.1362,6.1584,7.0611,5.1253,5.0161,4.2308,6.3897,6.4151,5.6876,5.9684,5.5669,5.8693,5.6353,5.4271,4.5365,6.0894,6.4737,5.5921,4.6051,5.9282,5.7408,6.3364,5.9826,7.3864,5.5,4.8426,6.1694,5.5892,5.9659,6.0953,5.2811,4.3657,6.4856
SM0192,3.754,5.2377,5.9086,5.3664,4.5329,7.4677,6.4149,7.3512,8.3142,7.7381,5.3726,6.1792,5.8138,5.5363,5.8065,6.8718,6.4042,5.9947,5.9406,7.298,6.6765,5.193,4.9945,6.6256,5.6753,4.0543,5.3462,4.7945,3.7801,6.6553,5.0912,4.4793,4.945,6.3484,5.1092,4.0384,5.5973,5.5813,4.4362,5.1944,5.4109,4.6692,3.7951,4.9673,5.6119,5.1963,6.0521,4.611,5.7516,6.3613
SM0193,6.8642,6.0449,5.0232,6.6684,4.8288,6.145,4.3093,5.1634,6.7268,6.4936,5.9556,6.2344,6.7025,5.4478,6.4949,6.4519,7.1006,6.1286,6.8424,5.6906,5.8491,5.6476,5.6043,6.2473,7.1484,6.3515,7.0086,5.7978,5.7865,6.3017,6.6438,6.8387,6.6552,6.9033,4.5978,5.8064,6.0279,7.2047,6.639,7.166,7.5562,5.6536,7.1857,7.1749,5.784,6.5913,7.082,6.4523,6.1811,5.7067
SM0194,6.7688,6.2357,4.9866,5.3519,6.3701,6.2622,5.3502,5.2373,7.0046,7.1737,6.7972,5.1801,6.8592,5.8136,5.5078,6.4365,5.9706,5.6384,5.136,6.4821,4.9439,5.9462,5.8884,5.9601,5.1764,6.5368,6.5728,5.3977,5.8788,6.0828,5.6168,7.0873,6.2098,6.5339,4.3249,6.1141,6.0272,6.9947,5.592,5.7225,6.4429,5.4118,6.4043,6.0768,4.5672,7.092,6.3796,7.628,5.584,7.4572
SM0195,5.5378,6.4263,6.7334,5.2242,5.948,8.0903,6.3654,6.9632,6.8826,5.9706,6.1539,6.1704,5.6302,5.5066,5.9267,6.6454,7.072,7.3261,6.1708,7.4139,5.3134,6.9567,5.8103,5.8929,5.6726,6.9114,5.7792,4.3327,5.1027,5.7336,6.2683,6.1224,5.3654,6.3734,5.6907,5.8257,5.0955,5.9166,5.9872,5.8128,6.8777,5.6992,5.3983,5.5787,6.5006,6.423,7.0679,5.8541,5.8994,4.8108
SM0196,6.4092,4.7,6.2624,7.5431,6.2978,8.0767,7.8184,7.0738,7.1147,7.4444,6.6961,5.7239,5.7928,5.9583,5.2728,7.3896,7.2323,7.7675,6.4707,7.9886,6.273,3.8222,6.467,6.5605,6.5035,5.0426,6.3202,4.7234,5.2763,5.3536,5.8958,5.4076,6.6045,5.1395,4.0869,5.4491,6.2478,5.359,4.2557,6.5042,5.0498,5.0894,5.4655,6.0484,7.051,4.9118,6.6333,5.2249,6.745,5.0259
SM0197,6.9128,7.2444,6.9642,7.6754,8.7572,7.0187,6.0111,6.8564,5.9267,6.7729,6.659,7.4701,7.3024,5.3466,6.2684,7.0406,8.1066,7.6067,8.3683,6.5119,6.7922,6.5237,5.3447,7.7214,7.4014,6.533,7.938,6.1817,7.0369,7.4397,6.8504,7.1722,7.1605,7.5766,6.2081,6.4399,6.0783,7.1542,6.7952,7.7941,8.1998,6.4359,6.318,6.2513,6.7071,5.5588,7.7545,7.7199,6.499,6.2677
SM0198,6.9633,6.7634,7.569,7.3577,7.3449,6.6902,7.922,7.4328,7.7513,7.214,6.6987,7.2091,7.8086,6.1623,7.2524,5.8272,7.6229,6.9547,7.676,7.5772,6.7425,7.0587,7.2062,7.1829,7.0984,7.7847,7.7873,6.4368,6.2584,6.8399,7.0948,7.1162,7.8283,7.6504,6.3642,5.3851,6.7332,7.986,7.2824,7.9512,6.6197,7.3811,7.0432,7.4787,6.8346,7.0957,8.0205,6.7692,6.7218,6.8752
SM0199,7.1292,7.4586,7.1117,8.073,7.3025,8.7484,7.3969,8.9173,7.3498,9.038,6.6529,8.64,8.1618,5.6621,7.4004,7.934,8.8413,8.3103,8.4076,9.3199,7.1546,6.5538,7.6995,9.4195,7.2883,7.7874,7.2192,6.7558,6.3353,7.2989,7.3095,6.7144,7.7804,7.1882,6.6881,6.3357,7.2183,7.2872,8.5738,7.466,7.1083,7.416,5.9666,7.6031,5.9725,7.8958,6.9987,7.6233,7.353,8.0094
SM0200,8.4741,6.9039,6.5369,8.5328,8.5433,10.5277,10.5297,10.3296,10.8357,10.0757,9.2744,9.3418,8.5261,7.5623,7.9527,8.6152,9.4631,9.6638,9.7907,11.5656,7.3798,9.1752,7.7708,8.5311,8.7298,9.0619,7.6586,7.6172,7.9869,7.452,6.4311,8.9702,8.1286,8.5884,7.784,7.6131,8.3335,8.5386,8.1219,8.4354,8.6837,7.4494,7.0448,7.3477,8.0283,8.528,8.0259,9.3937,8.3848,7.0881
SM0201,6.6548,7.9751,8.166,7.1043,6.9426,8.1497,5.7182,5.1866,7.2251,7.6097,7.0273,7.4371,7.1418,7.4843,6.5532,7.028,6.908,7.9123,7.2395,7.2326,7.3393,7.8461,7.1897,7.5728,8.062,7.3103,8.3791,7.068,5.9272,6.5907,7.8109,7.8144,7.3844,7.273,7.3746,7.2741,7.6858,6.6419,6.5037,7.0202,7.7441,7.5576,7.5448,6.6424,7.207,7.9989,7.9137,7.1518,7.5348,6.56
SM0202,7.0853,5.7678,7.2052,7.8719,8.3535,7.8221,7.6957,7.3878,7.6029,7.5055,6.7353,7.318,7.5755,6.385,7.1154,6.7918,7.2652,6.4886,7.3291,7.0193,6.9796,6.3484,6.1239,7.2391,8.4006,6.7702,7.7763,6.4676,7.0795,5.7654,7.196,7.8767,6.4835,8.3035,8.028,7.1511,6.9845,7.7648,7.4696,7.0719,7.1027,5.8141,6.001,7.8723,6.7121,6.485,7.968,7.9205,6.989,7.2593
SM0203,7.151,6.5361,6.9111,6.9863,8.1442,8.6179,7.3925,7.9041,7.675,8.0098,7.3895,7.4528,7.6312,7.495,6.9019,7.0476,8.2268,9.5889,8.3733,7.3063,6.901,6.2368,6.1723,6.6504,6.8165,7.979,7.116,6.9215,6.5477,5.637,5.993,6.7178,8.2699,7.4223,6.1655,6.1772,6.5279,5.5936,7.8022,7.2176,6.6846,5.4504,7.1362,6.5598,7.3666,6.8175,8.1224,7.182,6.44,6.5218
SM0204,6.016,6.2124,6.0342,6.9789,6.8245,9.462,7.7672,8.2448,8.1491,9.8991,6.247,6.409,7.7136,5.9358,7.2652,7.2409,8.2561,7.6472,7.7213,8.3089,6.1223,5.1702,6.4694,5.7284,6.6064,5.8585,6.746,7.0079,6.3893,6.1212,7.0128,6.4811,5.7178,6.512,6.4007,6.2352,5.9942,5.9146,5.9157,6.2674,6.9164,6.3595,6.7099,6.739,6.264,7.2044,7.0294,6.4144,5.3735,6.6164
SM0205,7.0175,6.2669,6.4646,7.0115,6.4752,7.0945,7.1417,6.3624,6.1534,6.522,5.621,7.1473,6.7151,5.7245,6.9411,6.5092,8.1564,7.3034,6.4079,5.6291,5.9163,7.1257,6.6131,6.9914,7.0889,6.3639,5.8114,5.5283,6.5779,6.3547,5.0581,6.4685,6.5412,7.3704,7.4727,7.1768,7.6356,7.3541,7.3797,6.3502,6.9506,6.2791,6.8338,6.7527,6.8924,5.9376,6.8585,8.1356,6.2617,6.1865
SM0206,6.6865,7.115,6.7165,6.9599,7.5005,7.1603,6.3365,6.9032,7.3842,8.0575,6.8975,7.2172,7.9911,5.8532,7.4022,6.9262,7.1895,7.1281,7.4024,5.914,6.6425,6.8484,7.2445,5.9762,7.3407,6.9521,6.6505,4.9599,7.2552,7.9341,7.2465,5.5879,6.9794,7.5881,6.2304,6.4891,6.1074,7.8472,6.2911,7.9034,8.512,5.9936,6.3176,6.468,6.3116,6.8674,7.8933,6.3831,6.7562,6.513
SM0207,7.1064,6.6723,6.0651,7.2136,6.5053,8.0674,8.0282,7.0371,7.5713,6.809,6.6925,7.5232,7.6763,7.0286,5.9445,8.4089,7.9094,8.1948,7.7776,8.626,6.4799,6.1695,8.7141,7.6334,6.6642,6.4186,6.2548,6.183,7.2474,7.3981,7.0964,6.2078,6.8428,7.4364,5.6527,7.3828,6.8838,6.3082,7.1287,6.7208,7.402,5.6852,6.3085,7.0877,7.9173,7.5841,7.3744,6.4038,7.0884,6.975
SM0208,6.6108,7.7661,5.7056,6.6676,7.9191,8.9903,7.4831,7.6528,8.7322,8.9735,8.052,6.8339,7.2304,7.0885,6.6481,7.3569,7.3248,9.2241,8.7058,8.3151,5.5358,6.4383,5.5935,7.1416,7.5823,7.9985,6.4618,7.1248,6.8165,7.1493,6.0072,7.0734,8.1895,7.6045,7.357,6.5221,7.2558,6.9491,6.9041,7.3256,7.8672,6.9141,5.8285,6.9691,5.1202,8.1917,6.8004,6.6541,6.1935,7.534
SM0209,5.7317,6.1202,6.5038,8.0523,7.2264,5.8018,5.6595,7.7496,6.2611,5.9338,7.8699,5.791,6.3257,6.8272,7.3429,6.0635,6.8988,5.4624,6.9926,7.1731,5.1889,6.1305,5.3127,7.0247,6.2284,7.7066,6.8024,7.498,4.7585,6.1621,6.2314,6.2945,7.4657,6.7033,5.6314,6.3508,7.2217,5.095,6.7367,6.6564,6.046,5.9687,6.9255,7.032,7.3552,6.7873,6.9293,7.5503,6.6499,5.7742
SM0210,6.275,4.9522,6.9574,7.0607,6.9424,8.0868,5.9563,6.6367,7.2685,6.4992,7.7132,6.3864,7.9793,6.615,6.5674,7.1255,6.6067,6.8665,7.7797,7.5181,6.962,6.2655,6.8308,6.992,6.4013,6.417,6.3505,6.7482,6.9189,5.228,6.4064,7.1596,6.9744,6.9094,5.7541,5.7583,5.6774,5.5677,6.9226,6.7028,7.2044,6.9846,6.1558,6.8787,6.5825,7.3496,5.7169,7.4146,5.3619,7.0409
SM0211,5.6331,7.5901,7.0699,6.9179,7.3128,7.8947,6.4203,7.7404,7.6445,8.4163,6.8764,6.7331,7.5308,6.4437,6.6364,7.0204,8.14,6.5205,8.182,9.4858,5.7731,4.1977,6.5651,6.6786,6.2108,7.3887,7.0566,6.9825,7.4055,6.2098,8.1284,7.0225,6.8194,7.3727,6.6111,7.0692,6.4265,6.9668,7.1908,6.9815,7.0623,6.0817,6.3313,6.7945,5.7263,5.9811,7.0445,8.089,6.2485,7.1573
SM0212,6.7167,6.9024,6.5692,6.8171,6.9371,6.9645,6.9668,6.7048,6.6736,6.34,6.1136,7.8178,5.4951,6.78,5.7821,7.1154,6.3034,5.8898,5.5632,6.0095,6.2075,5.5525,7.0973,6.9401,6.3091,7.016,7.2405,6.3168,5.6395,6.6324,7.4417,6.6839,6.7549,6.4095,6.2091,5.8834,6.9738,7.1339,6.419,6.5588,5.6363,6.0767,6.8257,7.4346,7.2228,7.0107,8.231,7.1172,6.1614,6.8986
SM0213,6.7269,6.617,7.6366,7.121,7.2452,8.3085,7.0866,6.977,8.8758,7.1302,7.9373,6.9949,7.2361,7.7247,6.9357,5.7815,6.3656,7.7798,6.9454,7.1505,6.9456,6.4505,6.6479,6.3743,6.3849,6.8812,6.5056,6.4955,6.5161,6.4375,5.9785,6.5235,8.3294,6.5042,5.6907,6.4743,5.8888,6.2177,8.3282,7.2381,6.3884,5.9784,5.8802,5.8134,6.3269,5.7119,6.7411,7.9018,6.4521,5.7823
SM0214,6.4243,6.2741,7.1452,6.8336,7.4719,9.3112,6.5131,8.2004,7.6705,8.3233,7.5567,6.6528,7.4916,6.9502,6.4392,8.0379,8.3996,7.9724,8.4647,8.4231,7.0381,8.0584,7.0777,6.3539,7.2953,7.5988,6.4165,7.0102,6.4909,7.7589,6.5122,7.9435,7.1645,8.0692,7.3766,7.5927,7.1715,8.4683,7.1781,6.7815,7.4542,6.6377,7.2365,6.7651,7.1287,8.3756,7.3423,6.5957,7.2261,5.7745
SM0215,7.4408,6.6906,6.5413,8.2371,7.3676,10.1728,7.8923,9.6302,8.6184,8.5302,7.233,7.7603,8.7679,7.1362,7.5197,8.6877,9.0577,9.8908,9.1598,8.3652,7.8615,7.2657,6.8893,7.8895,8.0997,8.0815,7.5657,6.4584,7.7533,7.7578,7.8303,7.8923,7.4338,7.5139,7.0732,7.2462,7.2583,7.4227,7.3149,7.6425,7.5776,7.4577,6.5294,5.7137,7.9178,8.2745,8.5266,8.4231,6.8969,7.596
SM0216,7.8556,7.7666,7.5693,7.3494,6.8972,8.3836,8.0203,6.895,7.7662,8.4868,7.7078,8.331,9.0314,8.5372,6.8588,5.5556,7.4772,7.6516,8.8521,8.3953,6.5814,7.3961,8.1301,7.4389,8.7807,7.9156,7.8997,8.0267,7.451,6.193,8.2728,6.9133,8.498,8.3458,6.4355,7.7561,8.5858,8.0023,7.5343,7.0409,7.9651,7.5628,7.3806,7.0409,7.7119,7.9673,8.2469,9.0819,8.8929,6.569
SM0217,6.5537,7.4455,8.2178,8.1646,8.2091,8.0614,7.7815,7.3922,6.8989,8.9374,8.4897,7.6115,8.35,7.0718,7.3627,7.838,7.3108,7.8497,7.5305,8.3782,6.6692,5.5856,5.8731,7.1326,8.7559,7.8686,8.4329,8.4299,7.4309,6.6258,7.4697,7.4282,7.6209,9.2911,7.323,6.65,7.2594,7.6403,7.9865,8.3493,8.1987,7.1837,7.8317,7.3639,7.8613,8.7513,7.6609,8.2411,6.6565,7.5604
SM0218,6.2647,6.2866,7.2059,7.5656,7.5078,9.4703,7.6235,7.6077,8.4945,8.4858,8.3191,8.3906,6.6091,7.5816,6.0838,7.6766,8.6109,8.4273,8.4672,8.9607,7.6497,5.6768,7.408,7.3823,6.5324,6.3633,8.0792,8.2945,6.7357,7.159,7.0284,9.0692,8.3528,7.7952,7.1427,7.1326,7.3186,6.7129,7.0362,8.0153,8.8888,7.4409,7.3395,7.3902,6.494,7.4968,7.2604,8.2168,6.7832,8.4695
SM0219,6.333,5.9491,7.4123,8.498,7.0811,9.8071,8.5536,8.5539,8.6123,9.3595,6.9363,6.9779,8.8393,7.0652,7.4059,7.2408,7.9576,8.9733,8.3723,9.0251,7.0296,7.0575,7.2627,7.7261,7.4164,8.4266,7.3147,6.189,6.397,7.8882,7.1011,6.9432,6.3227,7.793,7.4908,6.1854,7.4688,6.6373,7.7399,6.605,8.3675,6.236,7.7535,6.431,6.5136,7.7299,7.1447,7.163,5.8044,6.5326
SM0220,6.8959,7.2357,6.2472,6.3006,7.3004,6.2498,7.0346,7.4339,5.3795,6.0652,6.8431,7.7564,7.283,5.7657,6.537,8.2697,6.5351,7.3062,6.5255,6.5955,5.7294,7.2015,7.1575,5.9541,7.3279,6.8393,8.4483,6.3425,7.3017,7.4556,6.8611,6.6695,7.5992,8.0495,7.0221,6.1289,7.1571,7.9628,7.0674,7.3846,7.9174,5.6641,6.8268,7.4556,7.5106,6.648,7.4058,7.0482,7.2801,6.3246
SM0221,7.9302,6.9601,6.7787,6.5351,7.9508,9.3255,7.4983,7.2522,7.4948,7.9493,7.5205,6.6398,7.6668,6.9419,5.678,6.6186,7.0359,7.5604,7.8502,7.5216,6.8502,6.9225,6.4945,7.1038,7.4939,8.0005,8.741,5.3096,6.6704,7.2151,7.8282,6.9809,7.1411,7.8374,6.7264,6.163,7.1262,6.7677,5.1241,7.2325,6.4568,7.1968,6.7368,6.8027,7.4089,7.1574,7.0462,7.2095,6.0466,6.6048
SM0222,7.7077,6.5133,6.649,7.4395,7.6955,10.3467,7.2081,7.7804,6.8649,8.5899,7.7553,7.7528,7.4528,6.615,7.8122,7.3199,8.3961,7.8219,10.6432,8.1538,7.4975,6.5408,8.1903,6.9062,8.1508,7.9502,7.7901,6.8246,7.0329,7.0813,7.3899,6.8795,7.5558,7.9888,5.8827,6.8237,8.8168,6.8634,6.9697,6.7757,7.7454,7.8071,6.3701,7.5504,8.6954,6.8102,6.5398,7.0666,6.442,6.4943
SM0223,8.0166,7.7477,7.2205,8.304,8.3008,10.1979,9.3842,8.1046,9.7761,9.7522,8.4048,8.4488,7.68,6.5377,7.9909,8.2106,8.3603,9.084,8.7043,9.5819,6.7952,8.1119,7.1477,6.5812,7.82,7.359,7.102,8.534,5.9117,6.2396,7.1487,6.4366,8.7815,8.7011,6.3905,6.0495,7.4912,6.2664,7.8242,8.9758,9.2805,7.5116,6.792,7.3271,6.1983,8.2182,6.2037,7.9339,6.7969,7.5261
SM0224,7.8939,6.9374,7.1819,8.0364,6.7104,6.3664,5.7962,6.5364,8.5426,6.359,7.8345,6.6965,7.9466,7.3257,6.3183,6.0189,7.1479,8.268,7.9594,7.1395,6.8674,6.7876,5.9096,6.1493,6.603,6.57,6.6093,6.5203,7.2207,6.8048,7.2195,7.8004,8.6016,8.4917,6.0498,6.2778,6.3438,6.5535,7.4257,6.1882,7.1442,6.4135,7.0939,6.9573,7.8095,6.8074,6.6586,7.524,7.1087,7.7194
SM0225,5.771,6.7116,7.2593,6.9716,6.5213,8.9077,6.2368,5.1819,7.4235,7.9513,7.159,8.4081,8.0924,6.8367,6.7642,6.41,5.9375,6.6788,7.5589,7.1242,6.3722,5.899,6.9142,7.5154,6.3067,8.15,7.3877,6.9161,7.5336,6.4247,8.071,7.5004,7.5105,6.8306,6.1133,7.1873,6.3173,6.2302,6.4496,7.0423,7.8838,5.9603,6.8229,6.9468,7.709,6.9316,7.701,7.0947,6.0829,7.0612
SM0226,5.1924,7.3058,7.0508,7.0858,6.6134,7.2547,7.5865,6.904,7.3197,8.1982,7.7613,7.1037,5.5194,6.0144,5.4837,7.9163,6.8048,7.5505,6.7137,7.5745,6.2493,7.3194,6.7219,7.1401,7.198,6.148,7.761,5.4311,6.1234,6.8476,6.8243,6.4452,7.1861,7.405,5.1195,5.8791,6.6248,7.7432,7.648,6.9087,6.9479,6.2117,6.155,5.7625,6.0469,7.313,6.6359,6.0449,6.868,6.3591
SM0227,6.1963,4.8035,5.8826,6.8735,5.2594,9.0726,8.2254,8.6944,7.6564,7.7126,6.3021,7.5986,7.0348,6.8778,6.2376,7.1009,7.9945,8.0713,7.0814,6.5499,5.844,6.4173,6.2335,7.3766,5.7606,7.1381,5.5721,5.7277,5.6403,5.892,6.3419,5.7918,6.5172,6.7735,6.4052,5.5001,6.2256,7.3276,5.8499,4.9191,7.1102,5.7383,5.3093,5.9782,4.7015,5.9543,6.2837,6.692,5.0841,6.3486
SM0228,4.8245,4.2321,5.6,4.9436,5.4331,6.253,5.8774,4.2352,5.6581,5.4523,5.1418,6.3769,5.6992,4.6725,4.5648,5.9133,5.5981,5.1018,4.9972,5.9475,5.227,6.1824,5.6633,6.4233,4.8312,4.4513,4.3844,4.4313,5.4211,5.2435,6.4295,3.9681,6.3128,6.4627,5.4521,5.982,4.5633,5.8902,5.4452,6.6111,5.5962,3.9543,6.1554,5.2241,5.5719,5.6884,5.7657,4.7129,5.6986,5.1317
SM0229,4.2556,5.6841,5.4469,5.3657,5.5291,6.4528,4.4947,5.261,4.5385,6.3436,6.0699,4.8502,6.884,3.4595,5.9638,5.2277,4.5989,4.9899,6.418,5.4544,4.3981,4.0727,5.2069,5.8382,4.6419,5.2254,5.8509,4.8795,3.4912,4.0417,4.9395,5.0761,6.1159,5.8998,2.7825,4.2154,5.0206,5.7358,4.6506,6.9252,5.2509,5.9216,4.9861,4.6389,5.0363,5.7597,6.3222,6.3743,3.9922,4.6436
SM0230,4.7305,3.7669,5.0031,4.6666,5.1287,6.3342,5.7031,6.4772,6.0849,5.2875,4.8103,5.2768,5.128,4.6694,4.8553,6.2918,5.9053,6.5334,6.7428,6.933,4.4424,5.7633,4.06,4.8886,4.6087,5.6919,5.9233,4.9061,4.2092,5.5092,4.5349,5.8393,5.5842,5.5138,3.75,4.6094,6.0775,4.1431,5.411,4.6542,6.0835,4.9569,4.6159,4.8369,5.3931,5.3329,4.5791,5.6209,4.9383,4.4091
SM0231,3.1017,4.7906,4.0841,4.4783,4.5083,6.4452,6.543,5.579,5.6909,6.2044,3.8715,6.0563,5.3556,4.8924,3.7967,4.1001,6.6629,5.8172,5.6413,6.2362,2.6746,4.6298,3.503,4.7454,3.8094,4.6365,5.0963,3.6462,3.9954,4.1445,4.3367,3.5199,4.6929,5.4018,5.244,4.6487,4.6391,4.6816,4.7132,5.7633,3.9804,4.7558,4.8399,4.344,3.9838,4.5296,4.891,3.5559,4.4433,3.9843
SM0232,6.4089,7.8199,6.6833,7.8563,7.397,7.2984,6.4025,6.5544,6.5507,7.2527,6.9606,6.8825,6.6607,5.9298,7.0458,6.5351,7.2467,7.2005,6.2547,8.0868,7.2209,6.2304,6.8175,7.064,8.2021,8.4658,8.7793,6.5407,7.5844,7.4521,6.8462,6.902,8.0602,8.419,6.4776,7.3288,7.2388,6.1108,6.7057,6.9554,7.9607,6.9233,8.3502,6.5744,7.2425,7.5846,7.2046,7.5229,6.3418,6.9687
SM0233,6.8097,6.8671,7.058,7.8753,6.7776,7.9514,7.126,7.6054,7.0036,7.6431,6.9431,7.3169,7.1515,6.0409,6.7602,7.7173,6.6836,7.4474,8.2551,7.9975,7.1688,6.6189,7.0404,6.0751,7.5619,8.0254,7.51,6.5156,7.2795,6.5921,7.5142,7.0257,8.5807,7.982,5.0701,6.5827,7.5953,6.824,7.3961,7.3266,6.2832,7.7687,7.8325,6.7304,6.5113,7.1524,7.7988,8.7391,7.1536,6.8667
SM0234,7.2377,7.0988,6.9104,7.8117,8.0599,9.3826,8.2384,7.3864,8.6975,9.1323,7.8121,7.9338,9.2796,7.223,7.0881,9.0056,8.3398,7.9894,8.2362,9.7222,7.1304,8.3766,6.4936,6.4439,8.2363,7.877,8.6904,7.8865,6.874,6.8607,7.4435,8.5445,6.7335,8.4792,6.6469,6.8999,6.6446,6.8418,8.1641,6.6277,7.5433,6.4902,7.2998,6.3065,7.5168,9.0468,7.6749,6.8341,6.88,5.3944
SM0235,7.5891,7.7329,7.2787,8.6482,7.2595,10.0645,8.6377,9.3334,9.3977,8.959,8.08,7.8387,8.8372,6.1476,7.8045,9.0625,8.7403,9.2796,9.6366,8.7534,7.2115,7.2885,7.5337,6.9656,7.1115,6.8223,7.332,7.3136,6.7042,9.0047,7.1305,8.8087,8.5686,9.4702,6.2173,6.5127,7.1265,6.6628,8.4992,7.7708,8.8497,6.6645,7.8238,7.3586,6.5583,6.6802,8.3451,7.5528,8.2222,6.9521
SM0236,6.4029,6.4985,7.421,6.672,7.7087,6.8899,7.3243,7.6007,7.5676,7.2711,7.3147,7.7346,6.6712,5.907,7.3995,5.8098,7.696,7.8099,6.694,8.0447,6.4648,7.4973,5.3519,7.6654,7.3282,6.5092,7.545,5.7088,7.7985,6.889,6.8012,6.5368,7.5123,7.726,7.1469,6.9494,7.3888,6.6802,6.9751,7.3791,7.8474,5.8023,5.3759,6.3701,7.1741,5.918,7.1754,7.1228,5.7209,6.2591
SM0237,6.721,6.6914,6.1205,6.9727,7.1157,7.5088,5.8489,7.4482,7.604,6.8497,6.4343,6.5506,8.1848,6.1157,6.6018,6.3426,7.3144,6.8695,6.1144,7.1679,6.8749,6.3534,5.5285,7.499,6.5168,7.4407,6.5963,7.1791,6.6172,7.2518,6.9001,6.7856,7.1935,7.1647,6.2397,7.7163,7.1279,6.9155,5.9638,7.4736,8.908,5.9994,5.8146,7.817,6.1777,5.87,7.6137,6.7282,5.9307,5.0168
SM0238,6.9996,6.7564,7.1005,7.2459,7.2334,7.9747,8.0934,7.8433,8.4947,7.677,7.0237,6.4301,6.2364,6.3827,6.4322,7.8464,7.7506,7.7133,7.5507,8.8611,7.0617,7.1863,7.0346,7.6171,7.592,7.079,7.9554,6.5252,6.9058,6.8539,6.5805,7.7561,6.2709,7.1537,6.3005,6.3812,6.5348,6.6415,7.521,8.0346,8.9338,6.4624,5.9671,6.2265,5.4785,8.1217,8.1588,5.9344,6.4758,7.0105
SM0239,5.8573,6.9467,6.1562,6.9489,8.1373,8.9522,7.6296,6.9935,6.2517,8.3274,7.4923,6.1678,6.6649,6.0422,7.6339,6.1253,7.139,7.2149,7.7794,7.3045,6.5828,7.1018,7.4816,7.3604,6.407,5.9514,8.7063,6.9314,7.1336,6.9516,7.2601,7.7871,7.9401,6.7085,7.0654,7.6285,7.1252,6.6031,5.9689,7.3019,7.4244,7.1643,6.7887,8.0049,6.5252,7.6681,7.488,7.3284,6.3982,7.2459
SM0240,5.8104,7.5613,5.848,6.5972,7.5121,8.0044,7.2922,7.4345,6.4602,7.6804,6.448,7.9588,7.6666,6.7715,6.1901,6.6014,7.5299,6.5365,8.0429,6.2723,6.5906,7.4074,5.5536,7.4415,6.4829,6.7805,6.5417,5.255,5.9556,5.8798,5.9333,7.7817,7.839,7.3388,5.9801,7.0988,6.5664,5.7432,7.399,7.2599,7.4599,6.5886,6.9895,7.4237,7.4974,7.2293,7.0725,5.8407,6.523,5.9701
SM0241,5.4089,5.4355,6.1917,5.5062,6.2239,6.4074,6.1228,7.3335,6.7707,6.8488,6.2547,6.587,5.7668,5.7158,5.9087,6.5099,6.8094,7.4255,8.5672,6.3115,3.9896,5.3199,5.6476,5.4003,6.6518,5.5188,6.0067,4.8445,4.0221,5.2083,6.6831,6.447,6.1376,7.086,4.3687,6.0107,5.8332,4.3419,5.8587,6.9017,6.0475,4.7757,4.6143,5.7636,4.9482,5.6153,3.8841,5.4097,4.858,4.4195
SM0242,4.0384,3.5403,3.2408,4.6744,5.366,7.2385,4.7345,5.4686,6.3324,6.6378,4.6149,6.0533,4.3003,4.5066,3.5921,4.7977,6.2099,4.7882,6.4453,5.9408,2.8653,3.7408,4.9623,3.8828,5.7452,3.0597,5.2873,4.6086,4.2822,4.3197,4.4825,3.9977,4.4434,3.4406,3.5062,3.3197,3.6014,4.5682,4.7631,4.0433,4.0221,3.3523,3.8334,3.9276,3.2562,3.513,3.7218,3.6092,3.9576,3.9552
SM0243,6.5273,7.0233,7.2936,6.9875,6.8731,8.0594,6.8335,6.5503,5.5894,6.6088,7.2446,7.1279,7.3713,5.9729,6.9665,6.4014,6.6737,7.1506,7.6564,7.2221,5.3037,6.3573,7.1352,6.4036,6.0331,6.3795,6.5081,7.1914,6.3565,6.5214,6.3748,7.3479,6.3268,7.915,6.8893,5.0558,6.4769,7.299,7.817,6.536,7.2106,7.3277,5.2909,7.9103,6.1751,5.4169,7.6895,6.3772,5.6841,5.994
SM0244,7.237,6.62,6.6071,6.5924,6.1021,8.1606,7.0033,6.5212,7.302,8.093,8.0405,7.6664,7.2136,6.6489,8.2198,6.1788,6.5699,7.0524,7.8286,7.3788,6.9337,6.2474,7.6343,7.1318,6.2251,7.0263,6.5059,6.1487,6.751,7.0764,7.195,6.5224,7.1713,7.1022,6.0327,6.7138,6.97,6.5988,6.6317,6.2339,6.4157,5.9813,7.0528,6.4371,5.4807,6.654,6.5103,8.2389,7.1408,6.8744
SM0245,7.2227,6.8238,7.1116,6.6148,7.5311,8.2657,6.4092,8.3241,7.9712,8.149,6.2435,7.9468,6.7776,6.6939,6.1059,8.3469,9.4556,8.1865,8.822,8.4148,6.8843,6.933,7.7298,6.7596,7.7106,6.4734,8.3702,6.6507,5.7313,6.0881,6.0521,6.2106,6.2767,6.1881,5.2712,6.2032,6.4755,6.8275,6.4894,7.9602,7.9553,5.6819,7.0102,7.0346,6.8313,6.7913,7.505,7.4288,6.6428,6.7954
SM0246,7.0259,5.7032,6.674,6.7301,7.1598,8.4862,8.9888,9.3221,8.3772,9.3833,6.9719,7.1556,6.45,7.1022,7.7596,7.8701,8.5776,7.8562,8.7833,8.462,6.1063,6.8061,6.738,7.9767,6.9501,7.0567,7.8781,5.6348,7.7293,7.0311,5.8276,7.143,7.8209,7.4675,6.2527,6.65,7.7389,7.7202,6.2881,6.7987,7.4627,7.6352,6.525,6.7942,6.7697,7.3287,5.9933,8.0841,6.4226,5.6288
SM0247,5.1477,6.1124,4.913,4.0099,4.3293,4.4416,4.2864,4.2292,4.491,5.422,6.1049,4.4243,4.6786,4.3192,3.8469,4.4619,5.6584,5.928,5.2844,4.7423,4.5755,3.538,5.4859,5.2498,5.1121,4.2792,5.1849,4.2955,4.5372,5.3817,5.5913,4.7365,5.7029,5.1386,3.8147,4.582,4.2168,3.9486,5.2073,5.1715,4.4935,4.2134,4.8802,4.7952,5.136,5.0119,5.4398,4.6304,4.6021,3.5435
SM0248,5.9042,5.5583,6.1441,4.0918,5.5219,7.4183,5.7145,6.6447,6.0668,6.1699,5.4566,6.3714,5.1701,4.7113,6.6332,7.4575,7.3748,6.27,6.5668,7.4147,5.8614,5.0121,5.5258,5.3421,5.825,6.5442,5.8968,5.7229,5.5962,5.7626,5.2269,5.5425,6.4267,6.4179,5.0037,5.6535,5.6514,4.5096,4.483,4.9521,6.5691,5.1271,4.0398,5.4249,5.6288,6.0416,5.6214,6.3079,5.7461,5.3989
SM0249,5.6026,5.8181,6.7167,5.9796,6.8851,8.9962,8.5589,9.3764,7.8455,8.9064,6.8726,7.0511,7.4829,6.7303,5.8715,8.2803,7.7947,9.2874,7.6232,7.5921,6.1352,5.8219,5.8176,6.5285,5.288,7.4318,6.4631,5.928,6.0646,6.6622,6.5331,6.2249,5.6714,6.5942,6.3116,6.5137,6.574,6.6364,6.5678,7.6473,6.5012,7.0059,5.0296,6.6094,7.3123,5.3511,5.6675,6.1488,5.9869,6.0056
SM0250,6.1259,6.0048,6.1438,7.2748,8.1189,8.4385,6.6882,6.4141,7.048,5.9134,7.8528,8.2361,9.627,7.4534,6.7744,7.1111,6.9478,7.3756,7.155,7.7027,6.0813,5.9141,6.0896,7.2163,6.7191,7.5531,7.0547,7.1755,6.6559,7.9076,7.3989,7.9327,6.8102,7.5006,6.8881,7.565,6.9069,5.3305,7.9165,7.6708,8.7016,5.4673,8.63,7.292,7.2001,6.5447,6.0966,6.235,7.2304,6.8847
SM0251,6.1444,6.6521,6.4154,7.4732,6.9942,7.1761,7.5066,7.3224,6.6402,6.8901,7.3606,7.5515,7.2673,6.3502,5.7558,7.0329,7.2356,7.1991,7.9594,6.8134,6.8187,7.1672,6.8097,7.4856,7.7423,7.3651,6.8012,6.0111,5.6049,6.2167,6.6358,6.6721,7.363,6.9574,6.4859,6.7161,5.0533,5.441,7.0855,7.7799,7.5787,5.6785,7.6899,7.2141,5.9315,7.0141,6.8002,6.8914,6.1269,5.9489
SM0252,6.9036,5.0847,5.1607,5.9087,5.5291,7.856,7.3287,7.1166,7.7096,8.5359,7.5617,6.1361,7.5992,6.3163,6.3797,8.0212,6.8352,7.4005,7.2734,8.2525,6.2969,5.1685,7.3668,6.6008,5.9893,7.8397,7.6958,5.1133,5.7571,6.1672,6.5808,5.9471,6.9321,7.3948,7.7668,6.9483,7.0713,7.0423,6.6893,8.076,6.972,7.1721,4.9554,5.8677,6.9342,7.6201,6.7081,6.8473,6.3343,6.2545
SM0253,7.9052,6.5933,7.8798,7.6154,9.3283,8.4649,7.3949,8.3143,8.3158,7.7227,8.1551,9.8974,8.2183,7.8823,8.037,8.2831,7.4283,8.3473,8.5109,8.5657,6.8402,7.2821,8.5459,7.2971,9.437,9.0848,8.4602,8.5946,7.6551,7.0522,7.8477,8.1867,8.1718,8.9105,7.7762,8.8878,7.4932,7.9856,8.3249,9.2412,8.711,7.6271,8.2334,7.9745,7.8907,9.8717,7.6907,8.9122,8.8417,7.4417
SM0254,8.7388,8.622,8.0474,8.833,9.4827,8.5901,7.3959,7.5433,9.4844,9.1526,7.6583,8.7387,7.6428,8.5344,8.4963,7.9409,8.2417,8.0232,8.4595,9.8089,7.468,6.7822,8.2118,9.1822,8.4353,8.639,8.1001,7.5131,6.8745,7.8978,7.9868,9.4453,8.4127,7.1142,7.3852,8.4711,8.5556,8.5887,8.3871,9.0375,8.6679,7.0829,7.5402,7.7713,8.1578,8.0235,8.521,8.7794,7.1068,7.2874
SM0255,8.6252,7.6539,8.2966,7.7789,8.9286,9.8964,7.7388,8.706,10.4797,9.7785,8.7401,8.7294,8.72,8.265,7.3182,8.4846,9.509,9.1978,10.4338,10.1587,6.2211,7.5465,8.7679,7.353,8.9236,8.2788,8.5138,7.8468,7.9401,7.8332,9.3896,8.5422,8.3677,9.5911,7.7739,8.0723,7.7498,8.9724,7.9833,8.3018,8.5384,8.2845,9.0872,8.2104,8.1063,7.3947,8.7877,9.0605,6.4293,7.4408
SM0256,7.7484,7.1928,8.0547,7.3115,7.9317,7.8007,7.5216,5.8985,6.5815,6.4105,7.2113,7.2395,7.3391,6.9094,5.8191,5.9141,7.0823,6.6765,7.1669,7.3637,6.93,7.2067,6.006,8.2001,6.6287,7.8861,7.0588,6.7523,6.9588,7.3753,7.4099,8.1472,7.1454,7.923,6.9017,7.3317,6.3732,7.7545,7.6588,9.2991,7.4993,7.625,5.7792,6.7006,7.8221,6.8692,7.1148,7.5709,7.3959,7.1166
SM0257,6.205,6.7556,6.0863,7.666,7.2178,7.4025,5.9988,7.8912,8.1717,7.8496,6.2136,7.6766,8.2444,7.1199,7.1787,6.6844,7.6554,8.3702,7.3837,7.1103,7.3815,7.3563,7.1177,6.8862,7.6003,7.466,7.9496,6.9368,6.6717,9.048,8.0408,7.5646,7.8034,9.0538,7.1752,7.139,7.6008,7.7348,8.1751,7.8155,7.695,6.9888,7.9717,7.5364,8.0201,7.3198,7.1364,8.321,7.9823,6.5007
SM0258,6.5101,7.4505,7.5154,7.3735,7.8536,8.371,7.8805,8.2423,8.1915,8.2551,7.7078,8.3778,7.8309,7.4753,8.418,7.918,9.2077,8.3963,8.5411,8.2084,7.2332,7.8807,6.8857,6.4675,7.7034,7.3603,7.5858,6.5363,7.3648,6.1497,6.5086,7.3577,7.2099,7.9005,6.4085,5.2981,7.4903,8.0043,7.1857,7.5095,7.6594,6.2376,7.3911,7.5432,7.4836,7.3185,6.8309,7.6852,7.8378,7.4327
SM0259,7.0795,7.7429,7.5784,6.7749,8.4831,8.7051,9.1213,8.8683,8.6926,8.861,8.2899,7.6539,7.8158,6.8514,7.569,8.1883,9.3391,8.9855,9.5703,8.2896,6.2735,6.8305,7.2961,7.9947,6.782,6.4277,7.9067,6.3281,6.7957,6.6682,6.9644,8.3553,6.8036,7.4317,5.9376,5.8749,7.5906,6.9742,7.5591,8.2743,7.2443,6.2754,6.6952,6.9363,7.6269,7.5982,8.2333,7.4929,7.6028,5.7176
SM0260,4.9435,6.6739,5.7008,7.1428,8.5711,6.055,6.2584,6.9761,7.3823,5.6943,6.8498,7.443,6.4658,4.9104,6.5549,6.5276,7.6221,6.2686,6.2729,7.8717,6.7484,5.4127,7.3594,5.9488,7.4647,6.8297,7.8911,6.199,6.6525,7.152,6.4941,5.9627,7.2407,7.0926,6.7378,5.9286,6.8731,5.7358,6.3279,7.0856,7.5421,6.8995,5.1862,6.3101,8.0647,6.9179,6.6039,6.8398,6.4352,5.0351
SM0261,5.9632,7.0277,7.5979,6.5958,5.8147,7.292,4.7919,5.1854,6.7961,6.5927,7.64,6.4161,5.56,5.286,5.6599,6.6827,6.7915,7.2372,5.3565,7.3555,6.281,4.8594,5.3541,5.5567,7.9631,6.5067,7.9683,5.393,5.5215,5.817,6.9971,6.1029,6.3467,6.7386,5.857,5.7855,5.2714,6.7438,7.3875,6.8825,6.5233,5.9416,5.7089,7.286,7.6775,5.3057,7.0888,6.8521,6.0334,5.5755
SM0262,5.9572,6.2161,6.1709,7.597,8.1611,8.414,6.9342,6.7835,7.734,8.7398,7.0555,6.7945,7.3799,5.2004,6.4237,6.9578,8.4007,7.384,8.0935,8.3981,5.5013,5.8799,7.4192,7.688,8.0327,6.2852,6.6258,5.4684,5.7409,5.0849,6.7862,7.1461,5.9583,6.8384,5.6054,5.4341,7.3717,6.3215,7.3318,7.1439,7.3473,6.7131,7.1381,5.4213,5.9406,6.5915,6.0696,7.1464,5.1642,6.155
SM0263,6.5055,5.5431,6.3387,5.8591,7.086,8.1686,8.0286,8.2622,7.6371,9.0588,7.2198,7.0404,7.9801,6.4939,8.253,8.0538,8.5715,9.3613,8.6296,8.7202,6.2071,5.5251,6.7591,6.4815,6.2092,7.4599,5.9358,6.1093,6.1299,6.611,6.2032,5.0811,6.9823,7.1317,6.0706,6.3367,6.3981,6.0544,6.0593,6.4296,6.9951,5.7205,6.9953,7.5876,5.2555,8.4317,6.0844,5.6574,5.5821,6.4998
SM0264,4.9604,4.509,6.0132,6.5109,5.8294,6.182,4.8975,5.0849,5.3214,6.2335,5.8512,5.1256,7.1385,5.3413,6.0028,5.9829,5.5162,4.7671,5.9838,7.1342,5.5741,6.0406,6.8869,5.6479,6.0599,6.1521,5.8144,4.1842,5.7292,5.2722,5.7328,5.6348,5.3655,5.3899,6.7143,5.8227,4.8488,6.4187,5.3092,6.3752,6.2478,5.4007,5.1151,5.4343,5.6989,5.4575,5.4408,6.4091,5.9012,5.3033
SM0265,4.8789,4.9348,6.1204,5.481,6.6788,7.3306,6.2017,6.3182,7.4956,6.5831,5.664,5.5782,6.4303,5.693,5.6178,5.8819,6.4016,5.3393,5.9542,5.6434,5.8779,5.2114,6.6631,5.6004,5.9237,4.7993,6.3027,4.0346,5.5053,5.1291,5.7246,6.119,7.2047,6.9698,4.8912,5.4979,6.1827,6.2444,6.2387,6.6675,6.2478,5.118,6.009,5.3545,5.9018,7.0127,6.648,6.97,5.9268,4.8173
SM0266,5.1041,5.8518,6.1617,7.7906,6.7706,7.489,6.7331,5.7205,7.5516,7.0345,6.4727,6.755,7.2433,5.9765,6.4107,7.6378,7.9383,7.949,7.2586,8.1774,5.4535,6.0019,6.255,6.4538,6.0638,5.4577,7.2002,6.2187,5.3829,5.3505,6.4723,7.1018,7.1891,6.9389,6.4624,6.1483,6.205,5.4165,6.176,5.7624,8.1722,4.9797,4.6344,6.3367,6.6455,6.0948,6.346,6.2623,5.7471,5.6528
SM0267,6.2696,4.9631,6.5008,6.1821,6.0268,9.0797,7.457,9.143,7.2851,6.7466,6.5349,6.7468,6.4183,5.5001,5.8802,6.2056,7.7977,8.4939,7.6612,8.4278,6.2994,6.6623,6.3991,6.1733,5.9698,6.1172,6.5701,5.1436,6.8823,7.2654,6.5811,6.0398,7.6548,6.9259,5.8079,5.57,6.7355,6.3831,6.3718,6.1671,6.7832,5.101,5.7291,6.8992,5.2265,6.3896,7.0802,6.6275,6.0199,5.8268
SM0268,6.3812,6.685,7.3505,7.1961,7.6031,8.2072,5.9282,6.1945,4.4636,7.637,7.7556,8.3068,7.4453,7.0617,6.5987,7.1813,6.8056,6.0078,6.7665,7.4794,5.6876,6.4759,7.3022,6.7313,7.9952,6.8642,7.7963,5.4127,7.0964,7.5367,6.8402,7.4612,8.8256,7.4835,6.9838,6.8553,7.5604,6.9586,8.2547,8.7064,7.4748,6.5593,5.6503,7.6468,7.4451,8.0179,6.7663,7.9908,6.8829,6.1622
SM0269,5.9432,6.3611,6.5469,7.2161,7.2627,8.6361,7.8517,6.6288,7.6132,7.6228,7.5325,7.3215,7.8306,6.4859,6.3031,9.5659,7.649,8.7376,9.5866,8.8034,6.3729,5.9008,7.973,7.1514,7.1759,6.5766,7.8682,6.3014,7.5318,5.7395,7.3339,7.6772,7.7366,6.892,6.5354,6.5729,7.0705,7.7031,7.4112,6.5245,7.7121,6.2611,7.2588,7.8172,7.4363,7.078,6.9892,7.0016,7.1631,6.44
SM0270,7.1181,6.9412,7.4752,6.9287,7.2473,9.1441,7.4322,8.3033,7.5331,8.3593,7.1648,7.7706,8.6709,5.795,5.9685,9.0761,7.4001,8.1552,8.4404,8.0975,7.003,5.1593,5.3667,6.6993,6.547,7.0254,8.5989,6.1635,6.9438,7.3,6.9172,7.3759,7.6577,7.1244,6.1556,6.7278,8.1082,6.9777,6.6842,7.8551,7.1987,6.2017,6.1145,6.9061,6.6595,5.4985,7.6918,7.3758,6.2611,6.506
SM0271,6.5098,7.4252,8.1174,7.2285,7.399,7.8787,6.8597,7.2533,6.4486,6.2069,7.8874,7.9383,6.9085,6.4094,6.6561,9.1815,6.8551,7.7405,6.5771,7.3294,6.0181,6.5922,7.0128,7.0609,7.4659,7.8801,8.282,5.5411,7.0553,7.0095,7.7768,8.257,7.7586,8.6679,7.4149,7.683,7.1793,7.8434,8.5979,7.0241,7.327,5.9018,7.7179,6.8887,7.5614,7.0238,7.7896,8.1647,6.7543,8.3495
SM0272,6.5472,8.1484,8.2587,7.9613,7.4728,7.4562,7.2299,7.4386,6.9731,7.4973,6.9195,8.0538,7.8558,8.1282,7.3753,7.9855,6.2262,6.7673,7.6717,6.332,6.0019,5.7883,6.4136,5.6843,7.6608,7.2598,6.0441,5.5195,5.9466,6.2153,6.9592,7.3652,6.6254,8.3725,7.5891,6.9612,6.7021,6.129,6.4642,6.6154,8.3303,6.4388,6.6508,6.028,7.7871,7.6794,7.7,5.959,7.1993,6.4295
SM0273,6.4895,7.3123,7.0653,7.7212,6.3965,8.0543,7.6354,7.7682,8.5788,9.3741,7.6921,6.8685,6.6645,6.5125,6.7894,6.8438,8.6172,8.2452,7.7491,8.9358,5.9933,5.9401,6.7928,7.1943,6.1897,6.5102,7.3011,7.02,5.8619,5.8476,6.309,6.6902,7.5361,7.8841,6.0316,5.5528,6.9954,5.797,7.0133,6.7877,7.7936,6.9037,6.6087,6.6722,6.7899,6.1465,6.7848,7.5404,5.4992,5.4341
SM0274,7.4228,7.3763,7.3333,7.1216,7.0686,8.3728,6.2657,5.8195,6.7952,6.472,6.4096,6.5636,6.4202,7.2291,7.4008,6.3697,6.3152,7.166,7.2792,8.2996,6.2382,7.8224,6.7533,6.069,7.6079,6.7182,7.6959,6.6356,6.5533,7.1004,5.8668,6.3928,6.1877,6.736,6.4258,6.5005,6.8839,7.178,6.9915,8.1127,7.1041,7.6661,5.9912,8.5726,7.6188,6.2471,6.9132,8.2307,6.6514,5.9635
SM0275,6.4737,6.5895,5.1273,7.6323,6.9297,8.3408,5.2594,7.3788,7.1215,6.9418,6.9818,8.6927,7.543,6.9283,6.9841,6.5311,7.2756,6.2424,6.134,7.3266,6.9934,6.5063,6.202,7.2037,6.6201,6.598,8.1596,6.4487,5.3103,6.3166,5.6611,6.8689,6.45,7.5267,6.5929,6.8093,7.6072,6.0306,6.877,7.3542,5.9375,5.1472,7.1344,7.2223,5.93,7.5867,5.7665,6.9026,6.0524,6.0967
SM0276,6.3576,6.916,6.2721,6.0061,7.3256,8.1522,8.2092,6.9369,6.8607,7.6521,7.7549,7.9886,7.7575,5.9251,6.7674,8.0662,7.0032,7.4609,8.5334,8.2312,5.6554,5.9911,6.6122,7.3433,8.1077,6.4157,7.337,6.4138,5.9495,5.7684,6.3934,7.2717,8.8011,7.5411,5.955,6.4023,6.1684,6.3474,6.2812,6.7557,7.3962,6.3115,5.8898,6.946,6.4587,5.6188,7.0127,6.5729,6.7243,8.571
SM0277,7.1965,8.2371,6.3132,7.0878,7.6553,9.1802,7.8573,8.6542,7.5124,8.9072,6.6986,7.2134,8.4285,8.2742,7.12,7.2965,7.4879,8.0207,8.878,8.1187,6.1726,6.0411,7.1376,6.2274,6.2752,6.8428,7.5689,5.5279,7.0862,8.2893,8.0786,7.2022,7.4413,5.767,5.412,5.842,7.019,7.5623,6.9802,7.4588,7.1469,5.6019,6.4425,7.701,6.8204,6.0628,7.2375,6.8168,5.1711,5.8724
SM0278,5.3934,5.2545,5.6338,6.1116,6.1483,6.7851,5.7871,6.0473,4.9412,6.0454,6.7426,6.6725,5.999,5.0724,6.3067,6.1111,5.429,5.453,6.5276,6.0482,5.4195,5.8786,5.2171,5.7678,4.8363,5.7428,5.5676,5.4382,4.6187,6.8926,4.3732,5.4184,5.6699,6.4258,5.6305,6.7978,5.0788,7.3105,6.3444,6.846,7.23,4.7871,5.4034,5.7932,5.4854,5.2866,5.6991,7.0777,5.9607,6.5523
SM0279,6.1228,6.3031,5.1883,5.3811,6.3414,5.1527,5.6875,6.0895,6.5084,6.5844,5.9728,6.812,6.6632,5.5691,6.0706,5.3519,6.9527,6.2919,6.4565,7.1145,5.9112,5.6035,5.2807,6.3314,6.7877,6.1508,6.2653,4.7528,6.4015,6.8903,6.5332,7.1125,6.6304,6.1532,6.5374,6.3042,6.1979,6.8793,6.0055,5.9859,5.8235,4.944,5.6265,6.0277,5.9206,4.7417,6.4342,8.2083,6.131,5.5436
SM0280,5.6183,6.1892,6.2815,7.7174,6.5148,8.875,7.4592,7.5807,6.5595,7.9345,6.9225,6.689,7.7388,5.2808,6.0696,7.5737,8.0137,7.9382,7.365,7.3752,5.9254,6.072,6.1865,7.0222,6.0997,6.5879,7.9224,6.0531,5.6542,4.8914,7.1561,6.149,5.9327,6.9711,6.5946,6.4931,6.0582,5.7074,7.2648,6.7818,6.1966,5.422,5.5651,7.1708,5.9234,5.2693,5.8583,6.6251,6.0814,6.3044
SM0281,6.6666,7.5562,7.4083,6.9204,8.3244,9.0745,8.2111,8.731,8.354,8.7265,8.5228,7.7759,7.6769,5.2067,7.7244,7.5355,7.9473,8.2116,8.615,7.9212,7.3391,6.8776,5.1053,6.4722,7.3853,7.042,7.8922,5.238,7.2567,5.6839,6.7007,6.6532,7.541,7.7962,7.2118,7.0243,5.8851,7.0689,6.9157,6.5285,6.9987,5.4162,7.6396,6.2844,7.5381,6.5461,6.6252,6.8141,5.5978,7.1583
SM0282,7.3113,6.33,6.6258,6.3403,8.0869,8.0124,8.0252,6.3877,6.2705,7.9403,8.1682,6.9667,7.0109,6.4874,7.1658,6.6627,8.9826,7.9117,7.6834,6.4593,6.4146,6.7468,8.1528,6.7928,6.8939,8.2206,7.4238,5.479,6.5596,7.915,8.3399,7.4468,7.0841,7.3624,7.3763,7.3163,6.5068,7.2956,7.5201,7.6993,8.3064,7.4149,7.9318,6.6479,6.8834,8.4285,8.831,7.711,7.4206,7.1571
SM0283,7.4823,6.7263,6.7837,7.1068,7.6549,7.6231,5.7255,7.4055,7.2225,7.2755,7.8707,7.9633,7.8844,7.0333,6.794,7.5162,6.572,6.9898,8.1397,8.2808,7.6112,8.6711,6.5439,8.3091,7.7624,7.1069,8.1151,7.1218,6.7206,6.5224,7.0034,7.4082,8.5174,7.2426,6.1622,7.7665,6.9912,7.2314,7.5033,9.7192,6.4421,6.9618,6.9053,7.8563,6.869,7.2381,8.1751,7.7396,6.8533,7.4218
SM0284,7.1801,6.5742,6.8547,8.143,7.5606,8.9285,8.3417,7.6415,8.8052,8.4789,7.5796,7.2808,8.2632,7.6135,6.7463,8.5041,8.5809,10.0528,9.4075,8.1851,6.4199,8.6957,7.4647,7.1393,7.5562,6.4262,8.0105,6.3188,8.1057,7.4465,6.5371,7.8318,7.6163,7.8575,7.2198,6.277,8.868,7.6373,7.2122,7.6771,8.4956,7.4487,7.623,8.3569,7.4452,8.2889,7.6668,7.4391,6.6448,7.5709
SM0285,8.5654,6.8849,6.5487,8.1623,8.1877,9.4464,8.9603,8.8636,8.279,10.4187,7.2702,8.6338,8.7322,7.977,8.125,9.4288,9.4015,7.9907,8.8627,9.9658,8.0733,7.2687,7.6709,8.4408,7.9293,8.3163,7.9789,6.9132,6.6384,8.0927,6.9384,7.2735,8.1848,8.974,6.79,7.4737,7.2551,7.6966,7.4334,9.0318,7.9085,7.7478,7.2913,7.591,7.1154,8.5017,9.5923,8.3735,7.6903,8.7323
SM0286,6.0497,4.5979,6.4561,5.6467,6.8685,4.7062,4.4723,4.4401,6.1571,4.9836,6.5079,5.7771,5.402,6.1868,4.8583,5.3379,5.88,6.0013,5.0154,5.5203,5.5097,4.9523,5.74,5.4278,4.6558,5.3988,5.9866,4.9169,4.4698,5.6166,4.8698,5.3261,5.1787,5.6818,5.0144,5.031,5.3688,6.8046,4.473,5.489,4.8954,5.8914,4.3414,5.1739,5.7116,5.0158,6.147,5.8531,5.2985,5.8642
SM0287,5.4917,5.0836,5.0983,6.0765,6.0046,5.7441,5.2132,5.6805,5.3662,6.2485,4.587,6.2662,7.6706,5.9442,5.6437,6.1764,5.3814,5.0768,6.6177,6.2715,5.1587,4.7409,5.8718,4.0501,5.7188,5.8401,7.0108,4.3511,5.7042,5.1078,5.3939,6.146,5.496,5.9907,5.2698,6.1288,4.9159,4.6193,5.6812,6.8523,7.1023,5.5091,5.3939,5.8643,6.8998,6.4911,5.9188,5.3495,5.0217,5.1129
SM0288,5.4976,7.1134,5.937,6.6781,5.0919,8.1015,6.1152,6.3156,6.2457,6.8051,5.6559,6.0982,6.7517,5.4589,5.8479,6.6305,6.7418,7.3773,6.4173,8.4579,5.5483,5.2563,5.1978,5.9476,6.763,5.8528,6.2488,5.5044,5.3438,5.8182,5.5238,5.1015,5.2112,5.707,5.9641,5.57,5.0953,6.6261,7.0778,5.9146,6.63,6.5502,6.0565,5.4419,5.6482,6.265,6.9172,6.8746,5.379,5.2316
SM0289,7.777,7.0136,5.4275,6.0156,6.6741,9.5746,7.5263,8.2048,8.9691,8.339,6.4465,5.4624,7.3492,6.3714,5.9304,7.7471,7.7758,7.649,8.2525,8.7892,6.3139,5.2095,5.1556,6.0897,5.0483,7.5297,6.906,4.5851,5.893,5.2366,6.2653,6.7623,6.8867,6.7657,6.5935,6.841,7.1819,6.8848,7.2712,8.1294,5.7205,6.2745,6.4214,5.6554,5.9197,6.6343,7.2596,6.4953,4.7362,5.4018
SM0290,7.8171,9.1684,8.5602,7.6699,8.8064,7.2816,7.5594,7.5655,6.9557,7.0326,8.5478,9.3311,7.598,7.871,7.9613,8.4967,9.8122,7.5493,8.5918,8.0619,7.9093,7.9864,8.1696,7.3411,7.1746,8.1764,8.7031,8.216,8.7328,8.7411,9.0038,7.8402,8.6865,8.1761,7.8596,7.3168,6.6628,8.2669,7.5183,8.1945,7.9929,7.1248,7.9277,8.634,7.4308,7.4395,7.8497,7.8542,8.1459,7.786
SM0291,8.0167,8.6262,8.397,8.0139,8.3792,10.3663,7.1984,8.0163,7.128,7.8905,9.0751,8.0251,8.2725,6.2258,8.0292,7.4368,8.0663,7.5759,8.1479,8.4209,8.2465,6.7983,7.3813,7.6893,8.2309,8.2704,7.9003,6.8417,8.3326,7.2677,7.691,8.9266,8.4293,9.1947,8.74,8.6649,6.0024,7.4619,7.7433,8.2115,8.916,6.9586,7.1773,6.9855,8.2886,8.4045,6.7739,8.1677,7.6574,7.2512
SM0292,8.4632,7.3149,6.9068,6.9963,8.2675,8.8127,7.5661,8.6459,8.2475,8.916,7.7181,7.3338,8.0874,7.2385,7.3907,8.7014,8.6033,9.5633,9.163,9.7349,7.5667,5.9023,8.0217,7.9133,6.7627,7.1698,8.0901,7.9799,7.4452,6.6046,8.7429,8.2162,7.4221,8.347,7.1315,6.3426,6.802,7.4763,8.1735,8.8538,7.7961,8.0266,7.7172,8.6371,7.9179,7.3704,7.682,8.705,7.087,7.2903
SM0293,6.9261,6.9634,7.1551,7.0471,6.8074,10.1852,9.3775,8.7924,9.3084,10.3471,7.668,5.9463,8.6132,7.0838,6.4499,9.2289,9.1418,7.4809,9.0039,9.7546,6.2745,7.7813,7.7847,6.9195,9.1273,8.0304,7.626,8.1506,6.964,7.458,7.6253,7.595,8.7207,8.3885,6.2677,7.0779,6.479,6.9808,7.6388,8.3852,7.0175,6.0791,8.0026,6.441,7.058,7.4809,7.6047,8.5329,7.0994,7.5853
SM0294,5.5507,5.1273,4.3534,5.0204,5.509,5.8929,4.7398,4.6594,5.2257,5.8973,7.0492,4.9065,6.3366,4.6045,4.7583,4.6157,3.9636,4.8128,5.5509,5.2194,5.5254,4.9273,5.0259,5.091,5.336,5.7681,5.5275,5.2452,5.308,4.8714,5.1018,4.7895,5.4064,6.2968,5.2442,4.9611,6.9695,4.2736,4.1473,4.0717,6.0886,4.5794,5.1816,6.0644,3.6281,4.9073,5.5788,6.3331,5.2247,4.9373
SM0295,4.0167,6.2381,5.6997,4.8576,5.3284,6.1841,5.8367,5.198,4.9681,7.1339,6.56,4.6008,5.298,4.9102,5.5179,5.8586,7.2475,5.1003,6.1541,5.8305,5.6701,6.0569,5.5741,3.7651,5.0787,6.0178,7.418,5.465,5.4564,5.2652,5.1302,4.8276,5.5588,5.571,4.5398,4.5931,5.7993,6.0646,5.7886,5.6756,7.0321,4.8436,5.1235,5.7177,5.4374,5.142,5.8276,5.9595,5.1169,4.6873
SM0296,5.9049,5.0119,7.2648,6.1378,6.5036,7.1698,6.1818,5.6698,6.5504,7.3313,6.5945,6.8207,5.6022,6.25,7.0097,7.1845,6.585,7.1274,6.9425,7.9128,6.4526,6.0117,5.908,5.5532,6.855,6.5308,7.484,5.8644,6.0647,5.8751,5.368,4.9395,6.2337,6.3255,4.7912,5.8539,5.9379,5.285,6.7742,6.0402,7.1827,6.3316,5.8674,5.997,6.3291,5.8008,5.5483,5.9669,5.9074,5.4415
SM0297,7.0405,7.4053,6.7003,6.8654,7.0999,8.5594,9.5226,9.2767,7.7681,9.5984,7.2347,7.5014,8.0454,6.5097,7.8079,8.2554,8.1872,8.4361,8.0602,9.2646,6.4785,5.7511,7.1321,6.2888,6.2474,7.2496,8.6189,6.5361,5.0125,7.1181,8.0387,6.5389,7.6778,5.4743,6.0807,7.9739,7.9825,7.1288,6.923,7.2591,8.1968,6.4963,5.9414,8.101,7.0291,6.1032,7.3759,6.4547,5.9978,6.2417
